CASERNE,YEAR,MONTH,DATE,MONTH_SIN,MONTH_COS,TOTAL_BUILDING_AREA,TOTAL_BUILDINGS,RESIDENTIAL,PUBLIC_SERVICES,AVG_FLOORS,LAG1_INCIDENT_COUNT,TEMPERATURE_MAX,CRIME_COUNT,PREDICTED_RISK_ENCODED,PREDICTED_RISK,PREDICTED_RISK_PROBA
3.0,2025,4,2025-04-01,0.8660254037844387,-0.4999999999999998,1233617.0,10148.0,8572.0,4.0,1.100185960018596,2.0,19.180753138075314,1645.0,1,Low,0.91701025
3.0,2025,5,2025-05-01,0.49999999999999994,-0.8660254037844387,1233617.0,10148.0,8572.0,4.0,1.100185960018596,2.0,19.180753138075314,1645.0,1,Low,0.9077836
3.0,2025,6,2025-06-01,1.2246467991473532e-16,-1.0,1233617.0,10148.0,8572.0,4.0,1.100185960018596,2.0,19.180753138075314,1645.0,1,Low,0.9328021
3.0,2025,7,2025-07-01,-0.4999999999999997,-0.8660254037844388,1233617.0,10148.0,8572.0,4.0,1.100185960018596,2.0,19.180753138075314,1645.0,1,Low,0.9477381
3.0,2025,8,2025-08-01,-0.8660254037844384,-0.5000000000000004,1233617.0,10148.0,8572.0,4.0,1.100185960018596,2.0,19.180753138075314,1645.0,1,Low,0.947977
3.0,2025,9,2025-09-01,-1.0,-1.8369701987210297e-16,1233617.0,10148.0,8572.0,4.0,1.100185960018596,2.0,19.180753138075314,1645.0,1,Low,0.9659322
3.0,2025,10,2025-10-01,-0.8660254037844386,0.5000000000000001,1233617.0,10148.0,8572.0,4.0,1.100185960018596,2.0,19.180753138075314,1645.0,1,Low,0.9712858
3.0,2025,11,2025-11-01,-0.5000000000000004,0.8660254037844384,1233617.0,10148.0,8572.0,4.0,1.100185960018596,2.0,19.180753138075314,1645.0,1,Low,0.9726064
3.0,2025,12,2025-12-01,-2.4492935982947064e-16,1.0,1233617.0,10148.0,8572.0,4.0,1.100185960018596,2.0,19.180753138075314,1645.0,1,Low,0.9732503
3.0,2026,1,2026-01-01,0.49999999999999994,0.8660254037844387,1233617.0,10148.0,8572.0,4.0,1.100185960018596,2.0,19.180753138075314,1645.0,1,Low,0.9561497
3.0,2026,2,2026-02-01,0.8660254037844386,0.5000000000000001,1233617.0,10148.0,8572.0,4.0,1.100185960018596,2.0,19.180753138075314,1645.0,1,Low,0.9548138
3.0,2026,3,2026-03-01,1.0,6.123233995736766e-17,1233617.0,10148.0,8572.0,4.0,1.100185960018596,2.0,19.180753138075314,1645.0,1,Low,0.9478469
3.0,2026,4,2026-04-01,0.8660254037844387,-0.4999999999999998,1233617.0,10148.0,8572.0,4.0,1.100185960018596,2.0,19.180753138075314,1645.0,1,Low,0.91701025
4.0,2025,4,2025-04-01,0.8660254037844387,-0.4999999999999998,2171551.0,6491.0,5931.0,39.0,1.6399006622516556,5.0,19.180753138075314,4114.0,2,Medium,0.46167323
4.0,2025,5,2025-05-01,0.49999999999999994,-0.8660254037844387,2171551.0,6491.0,5931.0,39.0,1.6399006622516556,5.0,19.180753138075314,4114.0,2,Medium,0.5020676
4.0,2025,6,2025-06-01,1.2246467991473532e-16,-1.0,2171551.0,6491.0,5931.0,39.0,1.6399006622516556,5.0,19.180753138075314,4114.0,2,Medium,0.51127714
4.0,2025,7,2025-07-01,-0.4999999999999997,-0.8660254037844388,2171551.0,6491.0,5931.0,39.0,1.6399006622516556,5.0,19.180753138075314,4114.0,2,Medium,0.49313238
4.0,2025,8,2025-08-01,-0.8660254037844384,-0.5000000000000004,2171551.0,6491.0,5931.0,39.0,1.6399006622516556,5.0,19.180753138075314,4114.0,2,Medium,0.47773463
4.0,2025,9,2025-09-01,-1.0,-1.8369701987210297e-16,2171551.0,6491.0,5931.0,39.0,1.6399006622516556,5.0,19.180753138075314,4114.0,1,Low,0.42820248
4.0,2025,10,2025-10-01,-0.8660254037844386,0.5000000000000001,2171551.0,6491.0,5931.0,39.0,1.6399006622516556,5.0,19.180753138075314,4114.0,1,Low,0.48674563
4.0,2025,11,2025-11-01,-0.5000000000000004,0.8660254037844384,2171551.0,6491.0,5931.0,39.0,1.6399006622516556,5.0,19.180753138075314,4114.0,1,Low,0.49817026
4.0,2025,12,2025-12-01,-2.4492935982947064e-16,1.0,2171551.0,6491.0,5931.0,39.0,1.6399006622516556,5.0,19.180753138075314,4114.0,1,Low,0.52023584
4.0,2026,1,2026-01-01,0.49999999999999994,0.8660254037844387,2171551.0,6491.0,5931.0,39.0,1.6399006622516556,5.0,19.180753138075314,4114.0,1,Low,0.4409664
4.0,2026,2,2026-02-01,0.8660254037844386,0.5000000000000001,2171551.0,6491.0,5931.0,39.0,1.6399006622516556,5.0,19.180753138075314,4114.0,1,Low,0.43809792
4.0,2026,3,2026-03-01,1.0,6.123233995736766e-17,2171551.0,6491.0,5931.0,39.0,1.6399006622516556,5.0,19.180753138075314,4114.0,2,Medium,0.4809718
4.0,2026,4,2026-04-01,0.8660254037844387,-0.4999999999999998,2171551.0,6491.0,5931.0,39.0,1.6399006622516556,5.0,19.180753138075314,4114.0,2,Medium,0.46167323
5.0,2025,4,2025-04-01,0.8660254037844387,-0.4999999999999998,2000604.0,7489.0,5557.0,14.0,1.3665101156069364,4.0,19.180753138075314,7626.0,2,Medium,0.42820126
5.0,2025,5,2025-05-01,0.49999999999999994,-0.8660254037844387,2000604.0,7489.0,5557.0,14.0,1.3665101156069364,4.0,19.180753138075314,7626.0,2,Medium,0.49298087
5.0,2025,6,2025-06-01,1.2246467991473532e-16,-1.0,2000604.0,7489.0,5557.0,14.0,1.3665101156069364,4.0,19.180753138075314,7626.0,2,Medium,0.5225693
5.0,2025,7,2025-07-01,-0.4999999999999997,-0.8660254037844388,2000604.0,7489.0,5557.0,14.0,1.3665101156069364,4.0,19.180753138075314,7626.0,2,Medium,0.51673865
5.0,2025,8,2025-08-01,-0.8660254037844384,-0.5000000000000004,2000604.0,7489.0,5557.0,14.0,1.3665101156069364,4.0,19.180753138075314,7626.0,2,Medium,0.47865868
5.0,2025,9,2025-09-01,-1.0,-1.8369701987210297e-16,2000604.0,7489.0,5557.0,14.0,1.3665101156069364,4.0,19.180753138075314,7626.0,2,Medium,0.45925587
5.0,2025,10,2025-10-01,-0.8660254037844386,0.5000000000000001,2000604.0,7489.0,5557.0,14.0,1.3665101156069364,4.0,19.180753138075314,7626.0,2,Medium,0.47419602
5.0,2025,11,2025-11-01,-0.5000000000000004,0.8660254037844384,2000604.0,7489.0,5557.0,14.0,1.3665101156069364,4.0,19.180753138075314,7626.0,2,Medium,0.465739
5.0,2025,12,2025-12-01,-2.4492935982947064e-16,1.0,2000604.0,7489.0,5557.0,14.0,1.3665101156069364,4.0,19.180753138075314,7626.0,2,Medium,0.4580425
5.0,2026,1,2026-01-01,0.49999999999999994,0.8660254037844387,2000604.0,7489.0,5557.0,14.0,1.3665101156069364,4.0,19.180753138075314,7626.0,2,Medium,0.44772324
5.0,2026,2,2026-02-01,0.8660254037844386,0.5000000000000001,2000604.0,7489.0,5557.0,14.0,1.3665101156069364,4.0,19.180753138075314,7626.0,2,Medium,0.4481062
5.0,2026,3,2026-03-01,1.0,6.123233995736766e-17,2000604.0,7489.0,5557.0,14.0,1.3665101156069364,4.0,19.180753138075314,7626.0,2,Medium,0.49693996
5.0,2026,4,2026-04-01,0.8660254037844387,-0.4999999999999998,2000604.0,7489.0,5557.0,14.0,1.3665101156069364,4.0,19.180753138075314,7626.0,2,Medium,0.42820126
8.0,2025,4,2025-04-01,0.8660254037844387,-0.4999999999999998,444293.0,1306.0,983.0,3.0,1.5317028985507246,0.0,19.180753138075314,984.0,1,Low,0.88188934
8.0,2025,5,2025-05-01,0.49999999999999994,-0.8660254037844387,444293.0,1306.0,983.0,3.0,1.5317028985507246,0.0,19.180753138075314,984.0,1,Low,0.9167986
8.0,2025,6,2025-06-01,1.2246467991473532e-16,-1.0,444293.0,1306.0,983.0,3.0,1.5317028985507246,0.0,19.180753138075314,984.0,1,Low,0.93204933
8.0,2025,7,2025-07-01,-0.4999999999999997,-0.8660254037844388,444293.0,1306.0,983.0,3.0,1.5317028985507246,0.0,19.180753138075314,984.0,1,Low,0.9496743
8.0,2025,8,2025-08-01,-0.8660254037844384,-0.5000000000000004,444293.0,1306.0,983.0,3.0,1.5317028985507246,0.0,19.180753138075314,984.0,1,Low,0.93949723
8.0,2025,9,2025-09-01,-1.0,-1.8369701987210297e-16,444293.0,1306.0,983.0,3.0,1.5317028985507246,0.0,19.180753138075314,984.0,1,Low,0.9545941
8.0,2025,10,2025-10-01,-0.8660254037844386,0.5000000000000001,444293.0,1306.0,983.0,3.0,1.5317028985507246,0.0,19.180753138075314,984.0,1,Low,0.9616009
8.0,2025,11,2025-11-01,-0.5000000000000004,0.8660254037844384,444293.0,1306.0,983.0,3.0,1.5317028985507246,0.0,19.180753138075314,984.0,1,Low,0.96330553
8.0,2025,12,2025-12-01,-2.4492935982947064e-16,1.0,444293.0,1306.0,983.0,3.0,1.5317028985507246,0.0,19.180753138075314,984.0,1,Low,0.9679763
8.0,2026,1,2026-01-01,0.49999999999999994,0.8660254037844387,444293.0,1306.0,983.0,3.0,1.5317028985507246,0.0,19.180753138075314,984.0,1,Low,0.94333315
8.0,2026,2,2026-02-01,0.8660254037844386,0.5000000000000001,444293.0,1306.0,983.0,3.0,1.5317028985507246,0.0,19.180753138075314,984.0,1,Low,0.9257142
8.0,2026,3,2026-03-01,1.0,6.123233995736766e-17,444293.0,1306.0,983.0,3.0,1.5317028985507246,0.0,19.180753138075314,984.0,1,Low,0.88304555
8.0,2026,4,2026-04-01,0.8660254037844387,-0.4999999999999998,444293.0,1306.0,983.0,3.0,1.5317028985507246,0.0,19.180753138075314,984.0,1,Low,0.88188934
9.0,2025,4,2025-04-01,0.8660254037844387,-0.4999999999999998,2922162.0,9985.0,9222.0,65.0,1.8234548335974643,10.0,19.180753138075314,7681.0,0,High,0.6826587
9.0,2025,5,2025-05-01,0.49999999999999994,-0.8660254037844387,2922162.0,9985.0,9222.0,65.0,1.8234548335974643,10.0,19.180753138075314,7681.0,0,High,0.6336742
9.0,2025,6,2025-06-01,1.2246467991473532e-16,-1.0,2922162.0,9985.0,9222.0,65.0,1.8234548335974643,10.0,19.180753138075314,7681.0,0,High,0.5095618
9.0,2025,7,2025-07-01,-0.4999999999999997,-0.8660254037844388,2922162.0,9985.0,9222.0,65.0,1.8234548335974643,10.0,19.180753138075314,7681.0,0,High,0.5308653
9.0,2025,8,2025-08-01,-0.8660254037844384,-0.5000000000000004,2922162.0,9985.0,9222.0,65.0,1.8234548335974643,10.0,19.180753138075314,7681.0,0,High,0.5545644
9.0,2025,9,2025-09-01,-1.0,-1.8369701987210297e-16,2922162.0,9985.0,9222.0,65.0,1.8234548335974643,10.0,19.180753138075314,7681.0,0,High,0.565025
9.0,2025,10,2025-10-01,-0.8660254037844386,0.5000000000000001,2922162.0,9985.0,9222.0,65.0,1.8234548335974643,10.0,19.180753138075314,7681.0,2,Medium,0.505021
9.0,2025,11,2025-11-01,-0.5000000000000004,0.8660254037844384,2922162.0,9985.0,9222.0,65.0,1.8234548335974643,10.0,19.180753138075314,7681.0,2,Medium,0.49901536
9.0,2025,12,2025-12-01,-2.4492935982947064e-16,1.0,2922162.0,9985.0,9222.0,65.0,1.8234548335974643,10.0,19.180753138075314,7681.0,2,Medium,0.4876465
9.0,2026,1,2026-01-01,0.49999999999999994,0.8660254037844387,2922162.0,9985.0,9222.0,65.0,1.8234548335974643,10.0,19.180753138075314,7681.0,0,High,0.5138278
9.0,2026,2,2026-02-01,0.8660254037844386,0.5000000000000001,2922162.0,9985.0,9222.0,65.0,1.8234548335974643,10.0,19.180753138075314,7681.0,0,High,0.5148158
9.0,2026,3,2026-03-01,1.0,6.123233995736766e-17,2922162.0,9985.0,9222.0,65.0,1.8234548335974643,10.0,19.180753138075314,7681.0,0,High,0.49645782
9.0,2026,4,2026-04-01,0.8660254037844387,-0.4999999999999998,2922162.0,9985.0,9222.0,65.0,1.8234548335974643,10.0,19.180753138075314,7681.0,0,High,0.6826587
10.0,2025,4,2025-04-01,0.8660254037844387,-0.4999999999999998,2207506.0,5954.0,5211.0,20.0,1.5785876993166288,6.0,19.180753138075314,5088.0,2,Medium,0.4875685
10.0,2025,5,2025-05-01,0.49999999999999994,-0.8660254037844387,2207506.0,5954.0,5211.0,20.0,1.5785876993166288,6.0,19.180753138075314,5088.0,2,Medium,0.5290319
10.0,2025,6,2025-06-01,1.2246467991473532e-16,-1.0,2207506.0,5954.0,5211.0,20.0,1.5785876993166288,6.0,19.180753138075314,5088.0,2,Medium,0.55928016
10.0,2025,7,2025-07-01,-0.4999999999999997,-0.8660254037844388,2207506.0,5954.0,5211.0,20.0,1.5785876993166288,6.0,19.180753138075314,5088.0,2,Medium,0.53214556
10.0,2025,8,2025-08-01,-0.8660254037844384,-0.5000000000000004,2207506.0,5954.0,5211.0,20.0,1.5785876993166288,6.0,19.180753138075314,5088.0,2,Medium,0.5160197
10.0,2025,9,2025-09-01,-1.0,-1.8369701987210297e-16,2207506.0,5954.0,5211.0,20.0,1.5785876993166288,6.0,19.180753138075314,5088.0,2,Medium,0.49750364
10.0,2025,10,2025-10-01,-0.8660254037844386,0.5000000000000001,2207506.0,5954.0,5211.0,20.0,1.5785876993166288,6.0,19.180753138075314,5088.0,2,Medium,0.47667235
10.0,2025,11,2025-11-01,-0.5000000000000004,0.8660254037844384,2207506.0,5954.0,5211.0,20.0,1.5785876993166288,6.0,19.180753138075314,5088.0,2,Medium,0.46405393
10.0,2025,12,2025-12-01,-2.4492935982947064e-16,1.0,2207506.0,5954.0,5211.0,20.0,1.5785876993166288,6.0,19.180753138075314,5088.0,2,Medium,0.45217028
10.0,2026,1,2026-01-01,0.49999999999999994,0.8660254037844387,2207506.0,5954.0,5211.0,20.0,1.5785876993166288,6.0,19.180753138075314,5088.0,2,Medium,0.46965167
10.0,2026,2,2026-02-01,0.8660254037844386,0.5000000000000001,2207506.0,5954.0,5211.0,20.0,1.5785876993166288,6.0,19.180753138075314,5088.0,2,Medium,0.47354296
10.0,2026,3,2026-03-01,1.0,6.123233995736766e-17,2207506.0,5954.0,5211.0,20.0,1.5785876993166288,6.0,19.180753138075314,5088.0,2,Medium,0.5433505
10.0,2026,4,2026-04-01,0.8660254037844387,-0.4999999999999998,2207506.0,5954.0,5211.0,20.0,1.5785876993166288,6.0,19.180753138075314,5088.0,2,Medium,0.4875685
13.0,2025,4,2025-04-01,0.8660254037844387,-0.4999999999999998,880483.0,2927.0,2689.0,12.0,2.2648932184338704,5.0,19.180753138075314,3640.0,1,Low,0.41880158
13.0,2025,5,2025-05-01,0.49999999999999994,-0.8660254037844387,880483.0,2927.0,2689.0,12.0,2.2648932184338704,5.0,19.180753138075314,3640.0,1,Low,0.41744548
13.0,2025,6,2025-06-01,1.2246467991473532e-16,-1.0,880483.0,2927.0,2689.0,12.0,2.2648932184338704,5.0,19.180753138075314,3640.0,1,Low,0.4753219
13.0,2025,7,2025-07-01,-0.4999999999999997,-0.8660254037844388,880483.0,2927.0,2689.0,12.0,2.2648932184338704,5.0,19.180753138075314,3640.0,1,Low,0.4859263
13.0,2025,8,2025-08-01,-0.8660254037844384,-0.5000000000000004,880483.0,2927.0,2689.0,12.0,2.2648932184338704,5.0,19.180753138075314,3640.0,1,Low,0.49639672
13.0,2025,9,2025-09-01,-1.0,-1.8369701987210297e-16,880483.0,2927.0,2689.0,12.0,2.2648932184338704,5.0,19.180753138075314,3640.0,1,Low,0.5058783
13.0,2025,10,2025-10-01,-0.8660254037844386,0.5000000000000001,880483.0,2927.0,2689.0,12.0,2.2648932184338704,5.0,19.180753138075314,3640.0,1,Low,0.5858324
13.0,2025,11,2025-11-01,-0.5000000000000004,0.8660254037844384,880483.0,2927.0,2689.0,12.0,2.2648932184338704,5.0,19.180753138075314,3640.0,1,Low,0.59876776
13.0,2025,12,2025-12-01,-2.4492935982947064e-16,1.0,880483.0,2927.0,2689.0,12.0,2.2648932184338704,5.0,19.180753138075314,3640.0,1,Low,0.64966816
13.0,2026,1,2026-01-01,0.49999999999999994,0.8660254037844387,880483.0,2927.0,2689.0,12.0,2.2648932184338704,5.0,19.180753138075314,3640.0,1,Low,0.5274281
13.0,2026,2,2026-02-01,0.8660254037844386,0.5000000000000001,880483.0,2927.0,2689.0,12.0,2.2648932184338704,5.0,19.180753138075314,3640.0,1,Low,0.5186137
13.0,2026,3,2026-03-01,1.0,6.123233995736766e-17,880483.0,2927.0,2689.0,12.0,2.2648932184338704,5.0,19.180753138075314,3640.0,1,Low,0.45565224
13.0,2026,4,2026-04-01,0.8660254037844387,-0.4999999999999998,880483.0,2927.0,2689.0,12.0,2.2648932184338704,5.0,19.180753138075314,3640.0,1,Low,0.41880158
14.0,2025,4,2025-04-01,0.8660254037844387,-0.4999999999999998,1954021.0,9440.0,8740.0,16.0,1.6070642733063116,1.0,19.180753138075314,3226.0,1,Low,0.5266872
14.0,2025,5,2025-05-01,0.49999999999999994,-0.8660254037844387,1954021.0,9440.0,8740.0,16.0,1.6070642733063116,1.0,19.180753138075314,3226.0,1,Low,0.5033597
14.0,2025,6,2025-06-01,1.2246467991473532e-16,-1.0,1954021.0,9440.0,8740.0,16.0,1.6070642733063116,1.0,19.180753138075314,3226.0,1,Low,0.57616687
14.0,2025,7,2025-07-01,-0.4999999999999997,-0.8660254037844388,1954021.0,9440.0,8740.0,16.0,1.6070642733063116,1.0,19.180753138075314,3226.0,1,Low,0.59350187
14.0,2025,8,2025-08-01,-0.8660254037844384,-0.5000000000000004,1954021.0,9440.0,8740.0,16.0,1.6070642733063116,1.0,19.180753138075314,3226.0,1,Low,0.60503715
14.0,2025,9,2025-09-01,-1.0,-1.8369701987210297e-16,1954021.0,9440.0,8740.0,16.0,1.6070642733063116,1.0,19.180753138075314,3226.0,1,Low,0.6334149
14.0,2025,10,2025-10-01,-0.8660254037844386,0.5000000000000001,1954021.0,9440.0,8740.0,16.0,1.6070642733063116,1.0,19.180753138075314,3226.0,1,Low,0.74576735
14.0,2025,11,2025-11-01,-0.5000000000000004,0.8660254037844384,1954021.0,9440.0,8740.0,16.0,1.6070642733063116,1.0,19.180753138075314,3226.0,1,Low,0.7556376
14.0,2025,12,2025-12-01,-2.4492935982947064e-16,1.0,1954021.0,9440.0,8740.0,16.0,1.6070642733063116,1.0,19.180753138075314,3226.0,1,Low,0.77320653
14.0,2026,1,2026-01-01,0.49999999999999994,0.8660254037844387,1954021.0,9440.0,8740.0,16.0,1.6070642733063116,1.0,19.180753138075314,3226.0,1,Low,0.693125
14.0,2026,2,2026-02-01,0.8660254037844386,0.5000000000000001,1954021.0,9440.0,8740.0,16.0,1.6070642733063116,1.0,19.180753138075314,3226.0,1,Low,0.6858509
14.0,2026,3,2026-03-01,1.0,6.123233995736766e-17,1954021.0,9440.0,8740.0,16.0,1.6070642733063116,1.0,19.180753138075314,3226.0,1,Low,0.6169569
14.0,2026,4,2026-04-01,0.8660254037844387,-0.4999999999999998,1954021.0,9440.0,8740.0,16.0,1.6070642733063116,1.0,19.180753138075314,3226.0,1,Low,0.5266872
15.0,2025,4,2025-04-01,0.8660254037844387,-0.4999999999999998,1056949.0,4932.0,4291.0,19.0,1.6796071094480822,5.0,19.180753138075314,2246.0,1,Low,0.48009738
15.0,2025,5,2025-05-01,0.49999999999999994,-0.8660254037844387,1056949.0,4932.0,4291.0,19.0,1.6796071094480822,5.0,19.180753138075314,2246.0,1,Low,0.4785618
15.0,2025,6,2025-06-01,1.2246467991473532e-16,-1.0,1056949.0,4932.0,4291.0,19.0,1.6796071094480822,5.0,19.180753138075314,2246.0,1,Low,0.5578976
15.0,2025,7,2025-07-01,-0.4999999999999997,-0.8660254037844388,1056949.0,4932.0,4291.0,19.0,1.6796071094480822,5.0,19.180753138075314,2246.0,1,Low,0.6123345
15.0,2025,8,2025-08-01,-0.8660254037844384,-0.5000000000000004,1056949.0,4932.0,4291.0,19.0,1.6796071094480822,5.0,19.180753138075314,2246.0,1,Low,0.60608566
15.0,2025,9,2025-09-01,-1.0,-1.8369701987210297e-16,1056949.0,4932.0,4291.0,19.0,1.6796071094480822,5.0,19.180753138075314,2246.0,1,Low,0.64701414
15.0,2025,10,2025-10-01,-0.8660254037844386,0.5000000000000001,1056949.0,4932.0,4291.0,19.0,1.6796071094480822,5.0,19.180753138075314,2246.0,1,Low,0.70400035
15.0,2025,11,2025-11-01,-0.5000000000000004,0.8660254037844384,1056949.0,4932.0,4291.0,19.0,1.6796071094480822,5.0,19.180753138075314,2246.0,1,Low,0.7130913
15.0,2025,12,2025-12-01,-2.4492935982947064e-16,1.0,1056949.0,4932.0,4291.0,19.0,1.6796071094480822,5.0,19.180753138075314,2246.0,1,Low,0.72030824
15.0,2026,1,2026-01-01,0.49999999999999994,0.8660254037844387,1056949.0,4932.0,4291.0,19.0,1.6796071094480822,5.0,19.180753138075314,2246.0,1,Low,0.6082322
15.0,2026,2,2026-02-01,0.8660254037844386,0.5000000000000001,1056949.0,4932.0,4291.0,19.0,1.6796071094480822,5.0,19.180753138075314,2246.0,1,Low,0.6018341
15.0,2026,3,2026-03-01,1.0,6.123233995736766e-17,1056949.0,4932.0,4291.0,19.0,1.6796071094480822,5.0,19.180753138075314,2246.0,1,Low,0.55192375
15.0,2026,4,2026-04-01,0.8660254037844387,-0.4999999999999998,1056949.0,4932.0,4291.0,19.0,1.6796071094480822,5.0,19.180753138075314,2246.0,1,Low,0.48009738
16.0,2025,4,2025-04-01,0.8660254037844387,-0.4999999999999998,2234487.0,9584.0,8917.0,22.0,1.9019935537782025,4.0,19.180753138075314,8390.0,0,High,0.478425
16.0,2025,5,2025-05-01,0.49999999999999994,-0.8660254037844387,2234487.0,9584.0,8917.0,22.0,1.9019935537782025,4.0,19.180753138075314,8390.0,0,High,0.43596888
16.0,2025,6,2025-06-01,1.2246467991473532e-16,-1.0,2234487.0,9584.0,8917.0,22.0,1.9019935537782025,4.0,19.180753138075314,8390.0,2,Medium,0.453482
16.0,2025,7,2025-07-01,-0.4999999999999997,-0.8660254037844388,2234487.0,9584.0,8917.0,22.0,1.9019935537782025,4.0,19.180753138075314,8390.0,2,Medium,0.46638379
16.0,2025,8,2025-08-01,-0.8660254037844384,-0.5000000000000004,2234487.0,9584.0,8917.0,22.0,1.9019935537782025,4.0,19.180753138075314,8390.0,2,Medium,0.43716866
16.0,2025,9,2025-09-01,-1.0,-1.8369701987210297e-16,2234487.0,9584.0,8917.0,22.0,1.9019935537782025,4.0,19.180753138075314,8390.0,2,Medium,0.43355697
16.0,2025,10,2025-10-01,-0.8660254037844386,0.5000000000000001,2234487.0,9584.0,8917.0,22.0,1.9019935537782025,4.0,19.180753138075314,8390.0,2,Medium,0.4656807
16.0,2025,11,2025-11-01,-0.5000000000000004,0.8660254037844384,2234487.0,9584.0,8917.0,22.0,1.9019935537782025,4.0,19.180753138075314,8390.0,2,Medium,0.45711106
16.0,2025,12,2025-12-01,-2.4492935982947064e-16,1.0,2234487.0,9584.0,8917.0,22.0,1.9019935537782025,4.0,19.180753138075314,8390.0,2,Medium,0.44124952
16.0,2026,1,2026-01-01,0.49999999999999994,0.8660254037844387,2234487.0,9584.0,8917.0,22.0,1.9019935537782025,4.0,19.180753138075314,8390.0,2,Medium,0.40341553
16.0,2026,2,2026-02-01,0.8660254037844386,0.5000000000000001,2234487.0,9584.0,8917.0,22.0,1.9019935537782025,4.0,19.180753138075314,8390.0,2,Medium,0.4017441
16.0,2026,3,2026-03-01,1.0,6.123233995736766e-17,2234487.0,9584.0,8917.0,22.0,1.9019935537782025,4.0,19.180753138075314,8390.0,2,Medium,0.45373282
16.0,2026,4,2026-04-01,0.8660254037844387,-0.4999999999999998,2234487.0,9584.0,8917.0,22.0,1.9019935537782025,4.0,19.180753138075314,8390.0,0,High,0.478425
17.0,2025,4,2025-04-01,0.8660254037844387,-0.4999999999999998,1894350.0,6844.0,6161.0,32.0,1.7969330855018588,4.0,19.180753138075314,5285.0,0,High,0.41955778
17.0,2025,5,2025-05-01,0.49999999999999994,-0.8660254037844387,1894350.0,6844.0,6161.0,32.0,1.7969330855018588,4.0,19.180753138075314,5285.0,2,Medium,0.45805046
17.0,2025,6,2025-06-01,1.2246467991473532e-16,-1.0,1894350.0,6844.0,6161.0,32.0,1.7969330855018588,4.0,19.180753138075314,5285.0,2,Medium,0.4948967
17.0,2025,7,2025-07-01,-0.4999999999999997,-0.8660254037844388,1894350.0,6844.0,6161.0,32.0,1.7969330855018588,4.0,19.180753138075314,5285.0,2,Medium,0.4994724
17.0,2025,8,2025-08-01,-0.8660254037844384,-0.5000000000000004,1894350.0,6844.0,6161.0,32.0,1.7969330855018588,4.0,19.180753138075314,5285.0,2,Medium,0.48809803
17.0,2025,9,2025-09-01,-1.0,-1.8369701987210297e-16,1894350.0,6844.0,6161.0,32.0,1.7969330855018588,4.0,19.180753138075314,5285.0,2,Medium,0.47010753
17.0,2025,10,2025-10-01,-0.8660254037844386,0.5000000000000001,1894350.0,6844.0,6161.0,32.0,1.7969330855018588,4.0,19.180753138075314,5285.0,2,Medium,0.46452263
17.0,2025,11,2025-11-01,-0.5000000000000004,0.8660254037844384,1894350.0,6844.0,6161.0,32.0,1.7969330855018588,4.0,19.180753138075314,5285.0,2,Medium,0.45638567
17.0,2025,12,2025-12-01,-2.4492935982947064e-16,1.0,1894350.0,6844.0,6161.0,32.0,1.7969330855018588,4.0,19.180753138075314,5285.0,2,Medium,0.44059718
17.0,2026,1,2026-01-01,0.49999999999999994,0.8660254037844387,1894350.0,6844.0,6161.0,32.0,1.7969330855018588,4.0,19.180753138075314,5285.0,2,Medium,0.4241503
17.0,2026,2,2026-02-01,0.8660254037844386,0.5000000000000001,1894350.0,6844.0,6161.0,32.0,1.7969330855018588,4.0,19.180753138075314,5285.0,2,Medium,0.4243664
17.0,2026,3,2026-03-01,1.0,6.123233995736766e-17,1894350.0,6844.0,6161.0,32.0,1.7969330855018588,4.0,19.180753138075314,5285.0,2,Medium,0.49276605
17.0,2026,4,2026-04-01,0.8660254037844387,-0.4999999999999998,1894350.0,6844.0,6161.0,32.0,1.7969330855018588,4.0,19.180753138075314,5285.0,0,High,0.41955778
18.0,2025,4,2025-04-01,0.8660254037844387,-0.4999999999999998,2217269.0,6791.0,6322.0,27.0,1.901882749119853,7.0,19.180753138075314,6382.0,0,High,0.57032377
18.0,2025,5,2025-05-01,0.49999999999999994,-0.8660254037844387,2217269.0,6791.0,6322.0,27.0,1.901882749119853,7.0,19.180753138075314,6382.0,0,High,0.5211002
18.0,2025,6,2025-06-01,1.2246467991473532e-16,-1.0,2217269.0,6791.0,6322.0,27.0,1.901882749119853,7.0,19.180753138075314,6382.0,2,Medium,0.5059098
18.0,2025,7,2025-07-01,-0.4999999999999997,-0.8660254037844388,2217269.0,6791.0,6322.0,27.0,1.901882749119853,7.0,19.180753138075314,6382.0,2,Medium,0.4790165
18.0,2025,8,2025-08-01,-0.8660254037844384,-0.5000000000000004,2217269.0,6791.0,6322.0,27.0,1.901882749119853,7.0,19.180753138075314,6382.0,2,Medium,0.4508915
18.0,2025,9,2025-09-01,-1.0,-1.8369701987210297e-16,2217269.0,6791.0,6322.0,27.0,1.901882749119853,7.0,19.180753138075314,6382.0,2,Medium,0.4833836
18.0,2025,10,2025-10-01,-0.8660254037844386,0.5000000000000001,2217269.0,6791.0,6322.0,27.0,1.901882749119853,7.0,19.180753138075314,6382.0,2,Medium,0.50548524
18.0,2025,11,2025-11-01,-0.5000000000000004,0.8660254037844384,2217269.0,6791.0,6322.0,27.0,1.901882749119853,7.0,19.180753138075314,6382.0,2,Medium,0.49504447
18.0,2025,12,2025-12-01,-2.4492935982947064e-16,1.0,2217269.0,6791.0,6322.0,27.0,1.901882749119853,7.0,19.180753138075314,6382.0,2,Medium,0.48399577
18.0,2026,1,2026-01-01,0.49999999999999994,0.8660254037844387,2217269.0,6791.0,6322.0,27.0,1.901882749119853,7.0,19.180753138075314,6382.0,2,Medium,0.4221492
18.0,2026,2,2026-02-01,0.8660254037844386,0.5000000000000001,2217269.0,6791.0,6322.0,27.0,1.901882749119853,7.0,19.180753138075314,6382.0,2,Medium,0.42334372
18.0,2026,3,2026-03-01,1.0,6.123233995736766e-17,2217269.0,6791.0,6322.0,27.0,1.901882749119853,7.0,19.180753138075314,6382.0,2,Medium,0.4721411
18.0,2026,4,2026-04-01,0.8660254037844387,-0.4999999999999998,2217269.0,6791.0,6322.0,27.0,1.901882749119853,7.0,19.180753138075314,6382.0,0,High,0.57032377
19.0,2025,4,2025-04-01,0.8660254037844387,-0.4999999999999998,2032208.0,8515.0,7718.0,28.0,1.795142555438226,6.0,19.180753138075314,7602.0,0,High,0.5561378
19.0,2025,5,2025-05-01,0.49999999999999994,-0.8660254037844387,2032208.0,8515.0,7718.0,28.0,1.795142555438226,6.0,19.180753138075314,7602.0,0,High,0.50603324
19.0,2025,6,2025-06-01,1.2246467991473532e-16,-1.0,2032208.0,8515.0,7718.0,28.0,1.795142555438226,6.0,19.180753138075314,7602.0,2,Medium,0.5192323
19.0,2025,7,2025-07-01,-0.4999999999999997,-0.8660254037844388,2032208.0,8515.0,7718.0,28.0,1.795142555438226,6.0,19.180753138075314,7602.0,2,Medium,0.47795853
19.0,2025,8,2025-08-01,-0.8660254037844384,-0.5000000000000004,2032208.0,8515.0,7718.0,28.0,1.795142555438226,6.0,19.180753138075314,7602.0,2,Medium,0.45052412
19.0,2025,9,2025-09-01,-1.0,-1.8369701987210297e-16,2032208.0,8515.0,7718.0,28.0,1.795142555438226,6.0,19.180753138075314,7602.0,2,Medium,0.4492411
19.0,2025,10,2025-10-01,-0.8660254037844386,0.5000000000000001,2032208.0,8515.0,7718.0,28.0,1.795142555438226,6.0,19.180753138075314,7602.0,2,Medium,0.49268776
19.0,2025,11,2025-11-01,-0.5000000000000004,0.8660254037844384,2032208.0,8515.0,7718.0,28.0,1.795142555438226,6.0,19.180753138075314,7602.0,2,Medium,0.48263386
19.0,2025,12,2025-12-01,-2.4492935982947064e-16,1.0,2032208.0,8515.0,7718.0,28.0,1.795142555438226,6.0,19.180753138075314,7602.0,2,Medium,0.470623
19.0,2026,1,2026-01-01,0.49999999999999994,0.8660254037844387,2032208.0,8515.0,7718.0,28.0,1.795142555438226,6.0,19.180753138075314,7602.0,2,Medium,0.42230818
19.0,2026,2,2026-02-01,0.8660254037844386,0.5000000000000001,2032208.0,8515.0,7718.0,28.0,1.795142555438226,6.0,19.180753138075314,7602.0,2,Medium,0.4235081
19.0,2026,3,2026-03-01,1.0,6.123233995736766e-17,2032208.0,8515.0,7718.0,28.0,1.795142555438226,6.0,19.180753138075314,7602.0,2,Medium,0.47308302
19.0,2026,4,2026-04-01,0.8660254037844387,-0.4999999999999998,2032208.0,8515.0,7718.0,28.0,1.795142555438226,6.0,19.180753138075314,7602.0,0,High,0.5561378
20.0,2025,4,2025-04-01,0.8660254037844387,-0.4999999999999998,3558618.0,12192.0,9513.0,14.0,1.2571275455519828,9.0,19.180753138075314,8572.0,0,High,0.47648597
20.0,2025,5,2025-05-01,0.49999999999999994,-0.8660254037844387,3558618.0,12192.0,9513.0,14.0,1.2571275455519828,9.0,19.180753138075314,8572.0,0,High,0.43351406
20.0,2025,6,2025-06-01,1.2246467991473532e-16,-1.0,3558618.0,12192.0,9513.0,14.0,1.2571275455519828,9.0,19.180753138075314,8572.0,2,Medium,0.51420885
20.0,2025,7,2025-07-01,-0.4999999999999997,-0.8660254037844388,3558618.0,12192.0,9513.0,14.0,1.2571275455519828,9.0,19.180753138075314,8572.0,2,Medium,0.5021448
20.0,2025,8,2025-08-01,-0.8660254037844384,-0.5000000000000004,3558618.0,12192.0,9513.0,14.0,1.2571275455519828,9.0,19.180753138075314,8572.0,2,Medium,0.47002485
20.0,2025,9,2025-09-01,-1.0,-1.8369701987210297e-16,3558618.0,12192.0,9513.0,14.0,1.2571275455519828,9.0,19.180753138075314,8572.0,2,Medium,0.47622272
20.0,2025,10,2025-10-01,-0.8660254037844386,0.5000000000000001,3558618.0,12192.0,9513.0,14.0,1.2571275455519828,9.0,19.180753138075314,8572.0,2,Medium,0.48619825
20.0,2025,11,2025-11-01,-0.5000000000000004,0.8660254037844384,3558618.0,12192.0,9513.0,14.0,1.2571275455519828,9.0,19.180753138075314,8572.0,2,Medium,0.474061
20.0,2025,12,2025-12-01,-2.4492935982947064e-16,1.0,3558618.0,12192.0,9513.0,14.0,1.2571275455519828,9.0,19.180753138075314,8572.0,2,Medium,0.46762088
20.0,2026,1,2026-01-01,0.49999999999999994,0.8660254037844387,3558618.0,12192.0,9513.0,14.0,1.2571275455519828,9.0,19.180753138075314,8572.0,2,Medium,0.42438072
20.0,2026,2,2026-02-01,0.8660254037844386,0.5000000000000001,3558618.0,12192.0,9513.0,14.0,1.2571275455519828,9.0,19.180753138075314,8572.0,2,Medium,0.42739528
20.0,2026,3,2026-03-01,1.0,6.123233995736766e-17,3558618.0,12192.0,9513.0,14.0,1.2571275455519828,9.0,19.180753138075314,8572.0,2,Medium,0.48954144
20.0,2026,4,2026-04-01,0.8660254037844387,-0.4999999999999998,3558618.0,12192.0,9513.0,14.0,1.2571275455519828,9.0,19.180753138075314,8572.0,0,High,0.47648597
21.0,2025,4,2025-04-01,0.8660254037844387,-0.4999999999999998,3101633.0,8697.0,7927.0,19.0,1.7240381136171752,7.0,19.180753138075314,6091.0,0,High,0.4043652
21.0,2025,5,2025-05-01,0.49999999999999994,-0.8660254037844387,3101633.0,8697.0,7927.0,19.0,1.7240381136171752,7.0,19.180753138075314,6091.0,2,Medium,0.42992708
21.0,2025,6,2025-06-01,1.2246467991473532e-16,-1.0,3101633.0,8697.0,7927.0,19.0,1.7240381136171752,7.0,19.180753138075314,6091.0,2,Medium,0.4916972
21.0,2025,7,2025-07-01,-0.4999999999999997,-0.8660254037844388,3101633.0,8697.0,7927.0,19.0,1.7240381136171752,7.0,19.180753138075314,6091.0,2,Medium,0.47303972
21.0,2025,8,2025-08-01,-0.8660254037844384,-0.5000000000000004,3101633.0,8697.0,7927.0,19.0,1.7240381136171752,7.0,19.180753138075314,6091.0,2,Medium,0.4609228
21.0,2025,9,2025-09-01,-1.0,-1.8369701987210297e-16,3101633.0,8697.0,7927.0,19.0,1.7240381136171752,7.0,19.180753138075314,6091.0,2,Medium,0.45875075
21.0,2025,10,2025-10-01,-0.8660254037844386,0.5000000000000001,3101633.0,8697.0,7927.0,19.0,1.7240381136171752,7.0,19.180753138075314,6091.0,2,Medium,0.433663
21.0,2025,11,2025-11-01,-0.5000000000000004,0.8660254037844384,3101633.0,8697.0,7927.0,19.0,1.7240381136171752,7.0,19.180753138075314,6091.0,2,Medium,0.4210085
21.0,2025,12,2025-12-01,-2.4492935982947064e-16,1.0,3101633.0,8697.0,7927.0,19.0,1.7240381136171752,7.0,19.180753138075314,6091.0,1,Low,0.43364763
21.0,2026,1,2026-01-01,0.49999999999999994,0.8660254037844387,3101633.0,8697.0,7927.0,19.0,1.7240381136171752,7.0,19.180753138075314,6091.0,2,Medium,0.39707977
21.0,2026,2,2026-02-01,0.8660254037844386,0.5000000000000001,3101633.0,8697.0,7927.0,19.0,1.7240381136171752,7.0,19.180753138075314,6091.0,2,Medium,0.4003475
21.0,2026,3,2026-03-01,1.0,6.123233995736766e-17,3101633.0,8697.0,7927.0,19.0,1.7240381136171752,7.0,19.180753138075314,6091.0,2,Medium,0.4692978
21.0,2026,4,2026-04-01,0.8660254037844387,-0.4999999999999998,3101633.0,8697.0,7927.0,19.0,1.7240381136171752,7.0,19.180753138075314,6091.0,0,High,0.4043652
22.0,2025,4,2025-04-01,0.8660254037844387,-0.4999999999999998,1572555.0,4594.0,4300.0,8.0,1.7660791943236438,4.0,19.180753138075314,3772.0,1,Low,0.6011697
22.0,2025,5,2025-05-01,0.49999999999999994,-0.8660254037844387,1572555.0,4594.0,4300.0,8.0,1.7660791943236438,4.0,19.180753138075314,3772.0,1,Low,0.59239674
22.0,2025,6,2025-06-01,1.2246467991473532e-16,-1.0,1572555.0,4594.0,4300.0,8.0,1.7660791943236438,4.0,19.180753138075314,3772.0,1,Low,0.6355535
22.0,2025,7,2025-07-01,-0.4999999999999997,-0.8660254037844388,1572555.0,4594.0,4300.0,8.0,1.7660791943236438,4.0,19.180753138075314,3772.0,1,Low,0.66729754
22.0,2025,8,2025-08-01,-0.8660254037844384,-0.5000000000000004,1572555.0,4594.0,4300.0,8.0,1.7660791943236438,4.0,19.180753138075314,3772.0,1,Low,0.67418194
22.0,2025,9,2025-09-01,-1.0,-1.8369701987210297e-16,1572555.0,4594.0,4300.0,8.0,1.7660791943236438,4.0,19.180753138075314,3772.0,1,Low,0.69707155
22.0,2025,10,2025-10-01,-0.8660254037844386,0.5000000000000001,1572555.0,4594.0,4300.0,8.0,1.7660791943236438,4.0,19.180753138075314,3772.0,1,Low,0.73663276
22.0,2025,11,2025-11-01,-0.5000000000000004,0.8660254037844384,1572555.0,4594.0,4300.0,8.0,1.7660791943236438,4.0,19.180753138075314,3772.0,1,Low,0.74522173
22.0,2025,12,2025-12-01,-2.4492935982947064e-16,1.0,1572555.0,4594.0,4300.0,8.0,1.7660791943236438,4.0,19.180753138075314,3772.0,1,Low,0.7805958
22.0,2026,1,2026-01-01,0.49999999999999994,0.8660254037844387,1572555.0,4594.0,4300.0,8.0,1.7660791943236438,4.0,19.180753138075314,3772.0,1,Low,0.6809326
22.0,2026,2,2026-02-01,0.8660254037844386,0.5000000000000001,1572555.0,4594.0,4300.0,8.0,1.7660791943236438,4.0,19.180753138075314,3772.0,1,Low,0.67871606
22.0,2026,3,2026-03-01,1.0,6.123233995736766e-17,1572555.0,4594.0,4300.0,8.0,1.7660791943236438,4.0,19.180753138075314,3772.0,1,Low,0.63383746
22.0,2026,4,2026-04-01,0.8660254037844387,-0.4999999999999998,1572555.0,4594.0,4300.0,8.0,1.7660791943236438,4.0,19.180753138075314,3772.0,1,Low,0.6011697
23.0,2025,4,2025-04-01,0.8660254037844387,-0.4999999999999998,1592563.0,6829.0,6235.0,19.0,1.6539623908663532,8.0,19.180753138075314,4004.0,0,High,0.43204623
23.0,2025,5,2025-05-01,0.49999999999999994,-0.8660254037844387,1592563.0,6829.0,6235.0,19.0,1.6539623908663532,8.0,19.180753138075314,4004.0,0,High,0.40454027
23.0,2025,6,2025-06-01,1.2246467991473532e-16,-1.0,1592563.0,6829.0,6235.0,19.0,1.6539623908663532,8.0,19.180753138075314,4004.0,2,Medium,0.46544194
23.0,2025,7,2025-07-01,-0.4999999999999997,-0.8660254037844388,1592563.0,6829.0,6235.0,19.0,1.6539623908663532,8.0,19.180753138075314,4004.0,2,Medium,0.44603035
23.0,2025,8,2025-08-01,-0.8660254037844384,-0.5000000000000004,1592563.0,6829.0,6235.0,19.0,1.6539623908663532,8.0,19.180753138075314,4004.0,2,Medium,0.4327614
23.0,2025,9,2025-09-01,-1.0,-1.8369701987210297e-16,1592563.0,6829.0,6235.0,19.0,1.6539623908663532,8.0,19.180753138075314,4004.0,2,Medium,0.40862998
23.0,2025,10,2025-10-01,-0.8660254037844386,0.5000000000000001,1592563.0,6829.0,6235.0,19.0,1.6539623908663532,8.0,19.180753138075314,4004.0,2,Medium,0.4140229
23.0,2025,11,2025-11-01,-0.5000000000000004,0.8660254037844384,1592563.0,6829.0,6235.0,19.0,1.6539623908663532,8.0,19.180753138075314,4004.0,2,Medium,0.40295687
23.0,2025,12,2025-12-01,-2.4492935982947064e-16,1.0,1592563.0,6829.0,6235.0,19.0,1.6539623908663532,8.0,19.180753138075314,4004.0,1,Low,0.41498804
23.0,2026,1,2026-01-01,0.49999999999999994,0.8660254037844387,1592563.0,6829.0,6235.0,19.0,1.6539623908663532,8.0,19.180753138075314,4004.0,2,Medium,0.3693534
23.0,2026,2,2026-02-01,0.8660254037844386,0.5000000000000001,1592563.0,6829.0,6235.0,19.0,1.6539623908663532,8.0,19.180753138075314,4004.0,2,Medium,0.37220514
23.0,2026,3,2026-03-01,1.0,6.123233995736766e-17,1592563.0,6829.0,6235.0,19.0,1.6539623908663532,8.0,19.180753138075314,4004.0,2,Medium,0.4180512
23.0,2026,4,2026-04-01,0.8660254037844387,-0.4999999999999998,1592563.0,6829.0,6235.0,19.0,1.6539623908663532,8.0,19.180753138075314,4004.0,0,High,0.43204623
25.0,2025,4,2025-04-01,0.8660254037844387,-0.4999999999999998,3386060.0,11860.0,9770.0,5.0,1.240605918271489,5.0,19.180753138075314,5390.0,2,Medium,0.38658327
25.0,2025,5,2025-05-01,0.49999999999999994,-0.8660254037844387,3386060.0,11860.0,9770.0,5.0,1.240605918271489,5.0,19.180753138075314,5390.0,2,Medium,0.4256247
25.0,2025,6,2025-06-01,1.2246467991473532e-16,-1.0,3386060.0,11860.0,9770.0,5.0,1.240605918271489,5.0,19.180753138075314,5390.0,2,Medium,0.46413547
25.0,2025,7,2025-07-01,-0.4999999999999997,-0.8660254037844388,3386060.0,11860.0,9770.0,5.0,1.240605918271489,5.0,19.180753138075314,5390.0,2,Medium,0.4408663
25.0,2025,8,2025-08-01,-0.8660254037844384,-0.5000000000000004,3386060.0,11860.0,9770.0,5.0,1.240605918271489,5.0,19.180753138075314,5390.0,2,Medium,0.42686823
25.0,2025,9,2025-09-01,-1.0,-1.8369701987210297e-16,3386060.0,11860.0,9770.0,5.0,1.240605918271489,5.0,19.180753138075314,5390.0,2,Medium,0.40834948
25.0,2025,10,2025-10-01,-0.8660254037844386,0.5000000000000001,3386060.0,11860.0,9770.0,5.0,1.240605918271489,5.0,19.180753138075314,5390.0,1,Low,0.48012733
25.0,2025,11,2025-11-01,-0.5000000000000004,0.8660254037844384,3386060.0,11860.0,9770.0,5.0,1.240605918271489,5.0,19.180753138075314,5390.0,1,Low,0.49398202
25.0,2025,12,2025-12-01,-2.4492935982947064e-16,1.0,3386060.0,11860.0,9770.0,5.0,1.240605918271489,5.0,19.180753138075314,5390.0,1,Low,0.51601964
25.0,2026,1,2026-01-01,0.49999999999999994,0.8660254037844387,3386060.0,11860.0,9770.0,5.0,1.240605918271489,5.0,19.180753138075314,5390.0,1,Low,0.41438866
25.0,2026,2,2026-02-01,0.8660254037844386,0.5000000000000001,3386060.0,11860.0,9770.0,5.0,1.240605918271489,5.0,19.180753138075314,5390.0,1,Low,0.40983725
25.0,2026,3,2026-03-01,1.0,6.123233995736766e-17,3386060.0,11860.0,9770.0,5.0,1.240605918271489,5.0,19.180753138075314,5390.0,2,Medium,0.44382122
25.0,2026,4,2026-04-01,0.8660254037844387,-0.4999999999999998,3386060.0,11860.0,9770.0,5.0,1.240605918271489,5.0,19.180753138075314,5390.0,2,Medium,0.38658327
26.0,2025,4,2025-04-01,0.8660254037844387,-0.4999999999999998,1373991.0,5205.0,4871.0,19.0,1.970873786407767,3.0,19.180753138075314,3051.0,1,Low,0.5699497
26.0,2025,5,2025-05-01,0.49999999999999994,-0.8660254037844387,1373991.0,5205.0,4871.0,19.0,1.970873786407767,3.0,19.180753138075314,3051.0,1,Low,0.564098
26.0,2025,6,2025-06-01,1.2246467991473532e-16,-1.0,1373991.0,5205.0,4871.0,19.0,1.970873786407767,3.0,19.180753138075314,3051.0,1,Low,0.60612065
26.0,2025,7,2025-07-01,-0.4999999999999997,-0.8660254037844388,1373991.0,5205.0,4871.0,19.0,1.970873786407767,3.0,19.180753138075314,3051.0,1,Low,0.6070719
26.0,2025,8,2025-08-01,-0.8660254037844384,-0.5000000000000004,1373991.0,5205.0,4871.0,19.0,1.970873786407767,3.0,19.180753138075314,3051.0,1,Low,0.61776567
26.0,2025,9,2025-09-01,-1.0,-1.8369701987210297e-16,1373991.0,5205.0,4871.0,19.0,1.970873786407767,3.0,19.180753138075314,3051.0,1,Low,0.646757
26.0,2025,10,2025-10-01,-0.8660254037844386,0.5000000000000001,1373991.0,5205.0,4871.0,19.0,1.970873786407767,3.0,19.180753138075314,3051.0,1,Low,0.71124494
26.0,2025,11,2025-11-01,-0.5000000000000004,0.8660254037844384,1373991.0,5205.0,4871.0,19.0,1.970873786407767,3.0,19.180753138075314,3051.0,1,Low,0.72038066
26.0,2025,12,2025-12-01,-2.4492935982947064e-16,1.0,1373991.0,5205.0,4871.0,19.0,1.970873786407767,3.0,19.180753138075314,3051.0,1,Low,0.7481171
26.0,2026,1,2026-01-01,0.49999999999999994,0.8660254037844387,1373991.0,5205.0,4871.0,19.0,1.970873786407767,3.0,19.180753138075314,3051.0,1,Low,0.6827216
26.0,2026,2,2026-02-01,0.8660254037844386,0.5000000000000001,1373991.0,5205.0,4871.0,19.0,1.970873786407767,3.0,19.180753138075314,3051.0,1,Low,0.67704153
26.0,2026,3,2026-03-01,1.0,6.123233995736766e-17,1373991.0,5205.0,4871.0,19.0,1.970873786407767,3.0,19.180753138075314,3051.0,1,Low,0.61907196
26.0,2026,4,2026-04-01,0.8660254037844387,-0.4999999999999998,1373991.0,5205.0,4871.0,19.0,1.970873786407767,3.0,19.180753138075314,3051.0,1,Low,0.5699497
27.0,2025,4,2025-04-01,0.8660254037844387,-0.4999999999999998,2859531.0,5920.0,5369.0,39.0,1.851722873900293,4.0,19.180753138075314,5233.0,2,Medium,0.41336468
27.0,2025,5,2025-05-01,0.49999999999999994,-0.8660254037844387,2859531.0,5920.0,5369.0,39.0,1.851722873900293,4.0,19.180753138075314,5233.0,2,Medium,0.44803885
27.0,2025,6,2025-06-01,1.2246467991473532e-16,-1.0,2859531.0,5920.0,5369.0,39.0,1.851722873900293,4.0,19.180753138075314,5233.0,2,Medium,0.48613226
27.0,2025,7,2025-07-01,-0.4999999999999997,-0.8660254037844388,2859531.0,5920.0,5369.0,39.0,1.851722873900293,4.0,19.180753138075314,5233.0,2,Medium,0.48054767
27.0,2025,8,2025-08-01,-0.8660254037844384,-0.5000000000000004,2859531.0,5920.0,5369.0,39.0,1.851722873900293,4.0,19.180753138075314,5233.0,2,Medium,0.47455627
27.0,2025,9,2025-09-01,-1.0,-1.8369701987210297e-16,2859531.0,5920.0,5369.0,39.0,1.851722873900293,4.0,19.180753138075314,5233.0,2,Medium,0.39985612
27.0,2025,10,2025-10-01,-0.8660254037844386,0.5000000000000001,2859531.0,5920.0,5369.0,39.0,1.851722873900293,4.0,19.180753138075314,5233.0,2,Medium,0.4707702
27.0,2025,11,2025-11-01,-0.5000000000000004,0.8660254037844384,2859531.0,5920.0,5369.0,39.0,1.851722873900293,4.0,19.180753138075314,5233.0,2,Medium,0.4651215
27.0,2025,12,2025-12-01,-2.4492935982947064e-16,1.0,2859531.0,5920.0,5369.0,39.0,1.851722873900293,4.0,19.180753138075314,5233.0,2,Medium,0.4478054
27.0,2026,1,2026-01-01,0.49999999999999994,0.8660254037844387,2859531.0,5920.0,5369.0,39.0,1.851722873900293,4.0,19.180753138075314,5233.0,2,Medium,0.43284062
27.0,2026,2,2026-02-01,0.8660254037844386,0.5000000000000001,2859531.0,5920.0,5369.0,39.0,1.851722873900293,4.0,19.180753138075314,5233.0,2,Medium,0.43062925
27.0,2026,3,2026-03-01,1.0,6.123233995736766e-17,2859531.0,5920.0,5369.0,39.0,1.851722873900293,4.0,19.180753138075314,5233.0,2,Medium,0.48208424
27.0,2026,4,2026-04-01,0.8660254037844387,-0.4999999999999998,2859531.0,5920.0,5369.0,39.0,1.851722873900293,4.0,19.180753138075314,5233.0,2,Medium,0.41336468
28.0,2025,4,2025-04-01,0.8660254037844387,-0.4999999999999998,3532120.0,10681.0,9517.0,16.0,1.571948051948052,4.0,19.180753138075314,6346.0,2,Medium,0.41524744
28.0,2025,5,2025-05-01,0.49999999999999994,-0.8660254037844387,3532120.0,10681.0,9517.0,16.0,1.571948051948052,4.0,19.180753138075314,6346.0,2,Medium,0.4769373
28.0,2025,6,2025-06-01,1.2246467991473532e-16,-1.0,3532120.0,10681.0,9517.0,16.0,1.571948051948052,4.0,19.180753138075314,6346.0,2,Medium,0.48881876
28.0,2025,7,2025-07-01,-0.4999999999999997,-0.8660254037844388,3532120.0,10681.0,9517.0,16.0,1.571948051948052,4.0,19.180753138075314,6346.0,2,Medium,0.4824212
28.0,2025,8,2025-08-01,-0.8660254037844384,-0.5000000000000004,3532120.0,10681.0,9517.0,16.0,1.571948051948052,4.0,19.180753138075314,6346.0,2,Medium,0.44622913
28.0,2025,9,2025-09-01,-1.0,-1.8369701987210297e-16,3532120.0,10681.0,9517.0,16.0,1.571948051948052,4.0,19.180753138075314,6346.0,2,Medium,0.423645
28.0,2025,10,2025-10-01,-0.8660254037844386,0.5000000000000001,3532120.0,10681.0,9517.0,16.0,1.571948051948052,4.0,19.180753138075314,6346.0,1,Low,0.4550803
28.0,2025,11,2025-11-01,-0.5000000000000004,0.8660254037844384,3532120.0,10681.0,9517.0,16.0,1.571948051948052,4.0,19.180753138075314,6346.0,1,Low,0.46674287
28.0,2025,12,2025-12-01,-2.4492935982947064e-16,1.0,3532120.0,10681.0,9517.0,16.0,1.571948051948052,4.0,19.180753138075314,6346.0,1,Low,0.48547417
28.0,2026,1,2026-01-01,0.49999999999999994,0.8660254037844387,3532120.0,10681.0,9517.0,16.0,1.571948051948052,4.0,19.180753138075314,6346.0,2,Medium,0.41331977
28.0,2026,2,2026-02-01,0.8660254037844386,0.5000000000000001,3532120.0,10681.0,9517.0,16.0,1.571948051948052,4.0,19.180753138075314,6346.0,2,Medium,0.4142081
28.0,2026,3,2026-03-01,1.0,6.123233995736766e-17,3532120.0,10681.0,9517.0,16.0,1.571948051948052,4.0,19.180753138075314,6346.0,2,Medium,0.4708612
28.0,2026,4,2026-04-01,0.8660254037844387,-0.4999999999999998,3532120.0,10681.0,9517.0,16.0,1.571948051948052,4.0,19.180753138075314,6346.0,2,Medium,0.41524744
29.0,2025,4,2025-04-01,0.8660254037844387,-0.4999999999999998,2528658.0,11066.0,10584.0,33.0,1.7537907505686126,3.0,19.180753138075314,4842.0,2,Medium,0.39789486
29.0,2025,5,2025-05-01,0.49999999999999994,-0.8660254037844387,2528658.0,11066.0,10584.0,33.0,1.7537907505686126,3.0,19.180753138075314,4842.0,2,Medium,0.43780228
29.0,2025,6,2025-06-01,1.2246467991473532e-16,-1.0,2528658.0,11066.0,10584.0,33.0,1.7537907505686126,3.0,19.180753138075314,4842.0,2,Medium,0.44341522
29.0,2025,7,2025-07-01,-0.4999999999999997,-0.8660254037844388,2528658.0,11066.0,10584.0,33.0,1.7537907505686126,3.0,19.180753138075314,4842.0,2,Medium,0.45667374
29.0,2025,8,2025-08-01,-0.8660254037844384,-0.5000000000000004,2528658.0,11066.0,10584.0,33.0,1.7537907505686126,3.0,19.180753138075314,4842.0,2,Medium,0.4414793
29.0,2025,9,2025-09-01,-1.0,-1.8369701987210297e-16,2528658.0,11066.0,10584.0,33.0,1.7537907505686126,3.0,19.180753138075314,4842.0,2,Medium,0.42042288
29.0,2025,10,2025-10-01,-0.8660254037844386,0.5000000000000001,2528658.0,11066.0,10584.0,33.0,1.7537907505686126,3.0,19.180753138075314,4842.0,1,Low,0.51822644
29.0,2025,11,2025-11-01,-0.5000000000000004,0.8660254037844384,2528658.0,11066.0,10584.0,33.0,1.7537907505686126,3.0,19.180753138075314,4842.0,1,Low,0.530087
29.0,2025,12,2025-12-01,-2.4492935982947064e-16,1.0,2528658.0,11066.0,10584.0,33.0,1.7537907505686126,3.0,19.180753138075314,4842.0,1,Low,0.55787605
29.0,2026,1,2026-01-01,0.49999999999999994,0.8660254037844387,2528658.0,11066.0,10584.0,33.0,1.7537907505686126,3.0,19.180753138075314,4842.0,1,Low,0.4918044
29.0,2026,2,2026-02-01,0.8660254037844386,0.5000000000000001,2528658.0,11066.0,10584.0,33.0,1.7537907505686126,3.0,19.180753138075314,4842.0,1,Low,0.4891281
29.0,2026,3,2026-03-01,1.0,6.123233995736766e-17,2528658.0,11066.0,10584.0,33.0,1.7537907505686126,3.0,19.180753138075314,4842.0,2,Medium,0.43590608
29.0,2026,4,2026-04-01,0.8660254037844387,-0.4999999999999998,2528658.0,11066.0,10584.0,33.0,1.7537907505686126,3.0,19.180753138075314,4842.0,2,Medium,0.39789486
30.0,2025,4,2025-04-01,0.8660254037844387,-0.4999999999999998,3388554.0,10235.0,9310.0,55.0,1.8529444506289656,3.0,19.180753138075314,8710.0,0,High,0.6970853
30.0,2025,5,2025-05-01,0.49999999999999994,-0.8660254037844387,3388554.0,10235.0,9310.0,55.0,1.8529444506289656,3.0,19.180753138075314,8710.0,0,High,0.65542996
30.0,2025,6,2025-06-01,1.2246467991473532e-16,-1.0,3388554.0,10235.0,9310.0,55.0,1.8529444506289656,3.0,19.180753138075314,8710.0,0,High,0.57694846
30.0,2025,7,2025-07-01,-0.4999999999999997,-0.8660254037844388,3388554.0,10235.0,9310.0,55.0,1.8529444506289656,3.0,19.180753138075314,8710.0,0,High,0.58121204
30.0,2025,8,2025-08-01,-0.8660254037844384,-0.5000000000000004,3388554.0,10235.0,9310.0,55.0,1.8529444506289656,3.0,19.180753138075314,8710.0,0,High,0.5972599
30.0,2025,9,2025-09-01,-1.0,-1.8369701987210297e-16,3388554.0,10235.0,9310.0,55.0,1.8529444506289656,3.0,19.180753138075314,8710.0,0,High,0.6598354
30.0,2025,10,2025-10-01,-0.8660254037844386,0.5000000000000001,3388554.0,10235.0,9310.0,55.0,1.8529444506289656,3.0,19.180753138075314,8710.0,0,High,0.46082827
30.0,2025,11,2025-11-01,-0.5000000000000004,0.8660254037844384,3388554.0,10235.0,9310.0,55.0,1.8529444506289656,3.0,19.180753138075314,8710.0,0,High,0.46202266
30.0,2025,12,2025-12-01,-2.4492935982947064e-16,1.0,3388554.0,10235.0,9310.0,55.0,1.8529444506289656,3.0,19.180753138075314,8710.0,0,High,0.46326253
30.0,2026,1,2026-01-01,0.49999999999999994,0.8660254037844387,3388554.0,10235.0,9310.0,55.0,1.8529444506289656,3.0,19.180753138075314,8710.0,0,High,0.5620881
30.0,2026,2,2026-02-01,0.8660254037844386,0.5000000000000001,3388554.0,10235.0,9310.0,55.0,1.8529444506289656,3.0,19.180753138075314,8710.0,0,High,0.56462836
30.0,2026,3,2026-03-01,1.0,6.123233995736766e-17,3388554.0,10235.0,9310.0,55.0,1.8529444506289656,3.0,19.180753138075314,8710.0,0,High,0.5884182
30.0,2026,4,2026-04-01,0.8660254037844387,-0.4999999999999998,3388554.0,10235.0,9310.0,55.0,1.8529444506289656,3.0,19.180753138075314,8710.0,0,High,0.6970853
31.0,2025,4,2025-04-01,0.8660254037844387,-0.4999999999999998,1577589.0,5349.0,4796.0,19.0,1.8839071257005604,3.0,19.180753138075314,3808.0,1,Low,0.5989515
31.0,2025,5,2025-05-01,0.49999999999999994,-0.8660254037844387,1577589.0,5349.0,4796.0,19.0,1.8839071257005604,3.0,19.180753138075314,3808.0,1,Low,0.5890045
31.0,2025,6,2025-06-01,1.2246467991473532e-16,-1.0,1577589.0,5349.0,4796.0,19.0,1.8839071257005604,3.0,19.180753138075314,3808.0,1,Low,0.62669694
31.0,2025,7,2025-07-01,-0.4999999999999997,-0.8660254037844388,1577589.0,5349.0,4796.0,19.0,1.8839071257005604,3.0,19.180753138075314,3808.0,1,Low,0.6256992
31.0,2025,8,2025-08-01,-0.8660254037844384,-0.5000000000000004,1577589.0,5349.0,4796.0,19.0,1.8839071257005604,3.0,19.180753138075314,3808.0,1,Low,0.6362503
31.0,2025,9,2025-09-01,-1.0,-1.8369701987210297e-16,1577589.0,5349.0,4796.0,19.0,1.8839071257005604,3.0,19.180753138075314,3808.0,1,Low,0.659132
31.0,2025,10,2025-10-01,-0.8660254037844386,0.5000000000000001,1577589.0,5349.0,4796.0,19.0,1.8839071257005604,3.0,19.180753138075314,3808.0,1,Low,0.7261952
31.0,2025,11,2025-11-01,-0.5000000000000004,0.8660254037844384,1577589.0,5349.0,4796.0,19.0,1.8839071257005604,3.0,19.180753138075314,3808.0,1,Low,0.73504
31.0,2025,12,2025-12-01,-2.4492935982947064e-16,1.0,1577589.0,5349.0,4796.0,19.0,1.8839071257005604,3.0,19.180753138075314,3808.0,1,Low,0.76186275
31.0,2026,1,2026-01-01,0.49999999999999994,0.8660254037844387,1577589.0,5349.0,4796.0,19.0,1.8839071257005604,3.0,19.180753138075314,3808.0,1,Low,0.70322096
31.0,2026,2,2026-02-01,0.8660254037844386,0.5000000000000001,1577589.0,5349.0,4796.0,19.0,1.8839071257005604,3.0,19.180753138075314,3808.0,1,Low,0.70113444
31.0,2026,3,2026-03-01,1.0,6.123233995736766e-17,1577589.0,5349.0,4796.0,19.0,1.8839071257005604,3.0,19.180753138075314,3808.0,1,Low,0.6451717
31.0,2026,4,2026-04-01,0.8660254037844387,-0.4999999999999998,1577589.0,5349.0,4796.0,19.0,1.8839071257005604,3.0,19.180753138075314,3808.0,1,Low,0.5989515
32.0,2025,4,2025-04-01,0.8660254037844387,-0.4999999999999998,440003.0,3294.0,3032.0,3.0,1.3787981093855504,0.0,19.180753138075314,769.0,1,Low,0.9336899
32.0,2025,5,2025-05-01,0.49999999999999994,-0.8660254037844387,440003.0,3294.0,3032.0,3.0,1.3787981093855504,0.0,19.180753138075314,769.0,1,Low,0.95932287
32.0,2025,6,2025-06-01,1.2246467991473532e-16,-1.0,440003.0,3294.0,3032.0,3.0,1.3787981093855504,0.0,19.180753138075314,769.0,1,Low,0.9687065
32.0,2025,7,2025-07-01,-0.4999999999999997,-0.8660254037844388,440003.0,3294.0,3032.0,3.0,1.3787981093855504,0.0,19.180753138075314,769.0,1,Low,0.97692436
32.0,2025,8,2025-08-01,-0.8660254037844384,-0.5000000000000004,440003.0,3294.0,3032.0,3.0,1.3787981093855504,0.0,19.180753138075314,769.0,1,Low,0.97239953
32.0,2025,9,2025-09-01,-1.0,-1.8369701987210297e-16,440003.0,3294.0,3032.0,3.0,1.3787981093855504,0.0,19.180753138075314,769.0,1,Low,0.9831392
32.0,2025,10,2025-10-01,-0.8660254037844386,0.5000000000000001,440003.0,3294.0,3032.0,3.0,1.3787981093855504,0.0,19.180753138075314,769.0,1,Low,0.98541844
32.0,2025,11,2025-11-01,-0.5000000000000004,0.8660254037844384,440003.0,3294.0,3032.0,3.0,1.3787981093855504,0.0,19.180753138075314,769.0,1,Low,0.9860998
32.0,2025,12,2025-12-01,-2.4492935982947064e-16,1.0,440003.0,3294.0,3032.0,3.0,1.3787981093855504,0.0,19.180753138075314,769.0,1,Low,0.9878818
32.0,2026,1,2026-01-01,0.49999999999999994,0.8660254037844387,440003.0,3294.0,3032.0,3.0,1.3787981093855504,0.0,19.180753138075314,769.0,1,Low,0.9771129
32.0,2026,2,2026-02-01,0.8660254037844386,0.5000000000000001,440003.0,3294.0,3032.0,3.0,1.3787981093855504,0.0,19.180753138075314,769.0,1,Low,0.96547216
32.0,2026,3,2026-03-01,1.0,6.123233995736766e-17,440003.0,3294.0,3032.0,3.0,1.3787981093855504,0.0,19.180753138075314,769.0,1,Low,0.94847697
32.0,2026,4,2026-04-01,0.8660254037844387,-0.4999999999999998,440003.0,3294.0,3032.0,3.0,1.3787981093855504,0.0,19.180753138075314,769.0,1,Low,0.9336899
33.0,2025,4,2025-04-01,0.8660254037844387,-0.4999999999999998,1515906.0,7199.0,6714.0,25.0,1.849512378094524,4.0,19.180753138075314,3689.0,2,Medium,0.41297442
33.0,2025,5,2025-05-01,0.49999999999999994,-0.8660254037844387,1515906.0,7199.0,6714.0,25.0,1.849512378094524,4.0,19.180753138075314,3689.0,2,Medium,0.44223657
33.0,2025,6,2025-06-01,1.2246467991473532e-16,-1.0,1515906.0,7199.0,6714.0,25.0,1.849512378094524,4.0,19.180753138075314,3689.0,2,Medium,0.4457748
33.0,2025,7,2025-07-01,-0.4999999999999997,-0.8660254037844388,1515906.0,7199.0,6714.0,25.0,1.849512378094524,4.0,19.180753138075314,3689.0,2,Medium,0.43192726
33.0,2025,8,2025-08-01,-0.8660254037844384,-0.5000000000000004,1515906.0,7199.0,6714.0,25.0,1.849512378094524,4.0,19.180753138075314,3689.0,2,Medium,0.42836988
33.0,2025,9,2025-09-01,-1.0,-1.8369701987210297e-16,1515906.0,7199.0,6714.0,25.0,1.849512378094524,4.0,19.180753138075314,3689.0,1,Low,0.42079437
33.0,2025,10,2025-10-01,-0.8660254037844386,0.5000000000000001,1515906.0,7199.0,6714.0,25.0,1.849512378094524,4.0,19.180753138075314,3689.0,1,Low,0.49886847
33.0,2025,11,2025-11-01,-0.5000000000000004,0.8660254037844384,1515906.0,7199.0,6714.0,25.0,1.849512378094524,4.0,19.180753138075314,3689.0,1,Low,0.53905576
33.0,2025,12,2025-12-01,-2.4492935982947064e-16,1.0,1515906.0,7199.0,6714.0,25.0,1.849512378094524,4.0,19.180753138075314,3689.0,1,Low,0.55342543
33.0,2026,1,2026-01-01,0.49999999999999994,0.8660254037844387,1515906.0,7199.0,6714.0,25.0,1.849512378094524,4.0,19.180753138075314,3689.0,1,Low,0.4468581
33.0,2026,2,2026-02-01,0.8660254037844386,0.5000000000000001,1515906.0,7199.0,6714.0,25.0,1.849512378094524,4.0,19.180753138075314,3689.0,1,Low,0.4121855
33.0,2026,3,2026-03-01,1.0,6.123233995736766e-17,1515906.0,7199.0,6714.0,25.0,1.849512378094524,4.0,19.180753138075314,3689.0,2,Medium,0.43918195
33.0,2026,4,2026-04-01,0.8660254037844387,-0.4999999999999998,1515906.0,7199.0,6714.0,25.0,1.849512378094524,4.0,19.180753138075314,3689.0,2,Medium,0.41297442
34.0,2025,4,2025-04-01,0.8660254037844387,-0.4999999999999998,2179875.0,7210.0,6814.0,36.0,1.9009206488382289,1.0,19.180753138075314,3733.0,1,Low,0.531112
34.0,2025,5,2025-05-01,0.49999999999999994,-0.8660254037844387,2179875.0,7210.0,6814.0,36.0,1.9009206488382289,1.0,19.180753138075314,3733.0,1,Low,0.5109435
34.0,2025,6,2025-06-01,1.2246467991473532e-16,-1.0,2179875.0,7210.0,6814.0,36.0,1.9009206488382289,1.0,19.180753138075314,3733.0,1,Low,0.5396567
34.0,2025,7,2025-07-01,-0.4999999999999997,-0.8660254037844388,2179875.0,7210.0,6814.0,36.0,1.9009206488382289,1.0,19.180753138075314,3733.0,1,Low,0.5414197
34.0,2025,8,2025-08-01,-0.8660254037844384,-0.5000000000000004,2179875.0,7210.0,6814.0,36.0,1.9009206488382289,1.0,19.180753138075314,3733.0,1,Low,0.5474138
34.0,2025,9,2025-09-01,-1.0,-1.8369701987210297e-16,2179875.0,7210.0,6814.0,36.0,1.9009206488382289,1.0,19.180753138075314,3733.0,1,Low,0.6247547
34.0,2025,10,2025-10-01,-0.8660254037844386,0.5000000000000001,2179875.0,7210.0,6814.0,36.0,1.9009206488382289,1.0,19.180753138075314,3733.0,1,Low,0.6947519
34.0,2025,11,2025-11-01,-0.5000000000000004,0.8660254037844384,2179875.0,7210.0,6814.0,36.0,1.9009206488382289,1.0,19.180753138075314,3733.0,1,Low,0.705682
34.0,2025,12,2025-12-01,-2.4492935982947064e-16,1.0,2179875.0,7210.0,6814.0,36.0,1.9009206488382289,1.0,19.180753138075314,3733.0,1,Low,0.73210275
34.0,2026,1,2026-01-01,0.49999999999999994,0.8660254037844387,2179875.0,7210.0,6814.0,36.0,1.9009206488382289,1.0,19.180753138075314,3733.0,1,Low,0.6881824
34.0,2026,2,2026-02-01,0.8660254037844386,0.5000000000000001,2179875.0,7210.0,6814.0,36.0,1.9009206488382289,1.0,19.180753138075314,3733.0,1,Low,0.6848026
34.0,2026,3,2026-03-01,1.0,6.123233995736766e-17,2179875.0,7210.0,6814.0,36.0,1.9009206488382289,1.0,19.180753138075314,3733.0,1,Low,0.6259888
34.0,2026,4,2026-04-01,0.8660254037844387,-0.4999999999999998,2179875.0,7210.0,6814.0,36.0,1.9009206488382289,1.0,19.180753138075314,3733.0,1,Low,0.531112
35.0,2025,4,2025-04-01,0.8660254037844387,-0.4999999999999998,889504.0,3874.0,3664.0,11.0,1.7295698924731182,4.0,19.180753138075314,1830.0,1,Low,0.6613258
35.0,2025,5,2025-05-01,0.49999999999999994,-0.8660254037844387,889504.0,3874.0,3664.0,11.0,1.7295698924731182,4.0,19.180753138075314,1830.0,1,Low,0.6522756
35.0,2025,6,2025-06-01,1.2246467991473532e-16,-1.0,889504.0,3874.0,3664.0,11.0,1.7295698924731182,4.0,19.180753138075314,1830.0,1,Low,0.7069563
35.0,2025,7,2025-07-01,-0.4999999999999997,-0.8660254037844388,889504.0,3874.0,3664.0,11.0,1.7295698924731182,4.0,19.180753138075314,1830.0,1,Low,0.7687072
35.0,2025,8,2025-08-01,-0.8660254037844384,-0.5000000000000004,889504.0,3874.0,3664.0,11.0,1.7295698924731182,4.0,19.180753138075314,1830.0,1,Low,0.76582676
35.0,2025,9,2025-09-01,-1.0,-1.8369701987210297e-16,889504.0,3874.0,3664.0,11.0,1.7295698924731182,4.0,19.180753138075314,1830.0,1,Low,0.8018799
35.0,2025,10,2025-10-01,-0.8660254037844386,0.5000000000000001,889504.0,3874.0,3664.0,11.0,1.7295698924731182,4.0,19.180753138075314,1830.0,1,Low,0.82201284
35.0,2025,11,2025-11-01,-0.5000000000000004,0.8660254037844384,889504.0,3874.0,3664.0,11.0,1.7295698924731182,4.0,19.180753138075314,1830.0,1,Low,0.828516
35.0,2025,12,2025-12-01,-2.4492935982947064e-16,1.0,889504.0,3874.0,3664.0,11.0,1.7295698924731182,4.0,19.180753138075314,1830.0,1,Low,0.84840834
35.0,2026,1,2026-01-01,0.49999999999999994,0.8660254037844387,889504.0,3874.0,3664.0,11.0,1.7295698924731182,4.0,19.180753138075314,1830.0,1,Low,0.74588567
35.0,2026,2,2026-02-01,0.8660254037844386,0.5000000000000001,889504.0,3874.0,3664.0,11.0,1.7295698924731182,4.0,19.180753138075314,1830.0,1,Low,0.74092543
35.0,2026,3,2026-03-01,1.0,6.123233995736766e-17,889504.0,3874.0,3664.0,11.0,1.7295698924731182,4.0,19.180753138075314,1830.0,1,Low,0.7167466
35.0,2026,4,2026-04-01,0.8660254037844387,-0.4999999999999998,889504.0,3874.0,3664.0,11.0,1.7295698924731182,4.0,19.180753138075314,1830.0,1,Low,0.6613258
37.0,2025,4,2025-04-01,0.8660254037844387,-0.4999999999999998,2854550.0,10578.0,10053.0,43.0,1.963659641520583,7.0,19.180753138075314,6212.0,0,High,0.53499675
37.0,2025,5,2025-05-01,0.49999999999999994,-0.8660254037844387,2854550.0,10578.0,10053.0,43.0,1.963659641520583,7.0,19.180753138075314,6212.0,0,High,0.50299954
37.0,2025,6,2025-06-01,1.2246467991473532e-16,-1.0,2854550.0,10578.0,10053.0,43.0,1.963659641520583,7.0,19.180753138075314,6212.0,2,Medium,0.48717546
37.0,2025,7,2025-07-01,-0.4999999999999997,-0.8660254037844388,2854550.0,10578.0,10053.0,43.0,1.963659641520583,7.0,19.180753138075314,6212.0,2,Medium,0.49287724
37.0,2025,8,2025-08-01,-0.8660254037844384,-0.5000000000000004,2854550.0,10578.0,10053.0,43.0,1.963659641520583,7.0,19.180753138075314,6212.0,2,Medium,0.48773637
37.0,2025,9,2025-09-01,-1.0,-1.8369701987210297e-16,2854550.0,10578.0,10053.0,43.0,1.963659641520583,7.0,19.180753138075314,6212.0,0,High,0.4616331
37.0,2025,10,2025-10-01,-0.8660254037844386,0.5000000000000001,2854550.0,10578.0,10053.0,43.0,1.963659641520583,7.0,19.180753138075314,6212.0,2,Medium,0.49127114
37.0,2025,11,2025-11-01,-0.5000000000000004,0.8660254037844384,2854550.0,10578.0,10053.0,43.0,1.963659641520583,7.0,19.180753138075314,6212.0,2,Medium,0.48302275
37.0,2025,12,2025-12-01,-2.4492935982947064e-16,1.0,2854550.0,10578.0,10053.0,43.0,1.963659641520583,7.0,19.180753138075314,6212.0,2,Medium,0.46529743
37.0,2026,1,2026-01-01,0.49999999999999994,0.8660254037844387,2854550.0,10578.0,10053.0,43.0,1.963659641520583,7.0,19.180753138075314,6212.0,2,Medium,0.39786738
37.0,2026,2,2026-02-01,0.8660254037844386,0.5000000000000001,2854550.0,10578.0,10053.0,43.0,1.963659641520583,7.0,19.180753138075314,6212.0,2,Medium,0.39659214
37.0,2026,3,2026-03-01,1.0,6.123233995736766e-17,2854550.0,10578.0,10053.0,43.0,1.963659641520583,7.0,19.180753138075314,6212.0,2,Medium,0.46356893
37.0,2026,4,2026-04-01,0.8660254037844387,-0.4999999999999998,2854550.0,10578.0,10053.0,43.0,1.963659641520583,7.0,19.180753138075314,6212.0,0,High,0.53499675
38.0,2025,4,2025-04-01,0.8660254037844387,-0.4999999999999998,2319292.0,11969.0,10988.0,22.0,1.4699637023593466,3.0,19.180753138075314,5215.0,0,High,0.41420087
38.0,2025,5,2025-05-01,0.49999999999999994,-0.8660254037844387,2319292.0,11969.0,10988.0,22.0,1.4699637023593466,3.0,19.180753138075314,5215.0,2,Medium,0.40070328
38.0,2025,6,2025-06-01,1.2246467991473532e-16,-1.0,2319292.0,11969.0,10988.0,22.0,1.4699637023593466,3.0,19.180753138075314,5215.0,2,Medium,0.43154192
38.0,2025,7,2025-07-01,-0.4999999999999997,-0.8660254037844388,2319292.0,11969.0,10988.0,22.0,1.4699637023593466,3.0,19.180753138075314,5215.0,2,Medium,0.43572322
38.0,2025,8,2025-08-01,-0.8660254037844384,-0.5000000000000004,2319292.0,11969.0,10988.0,22.0,1.4699637023593466,3.0,19.180753138075314,5215.0,2,Medium,0.4240113
38.0,2025,9,2025-09-01,-1.0,-1.8369701987210297e-16,2319292.0,11969.0,10988.0,22.0,1.4699637023593466,3.0,19.180753138075314,5215.0,2,Medium,0.4243614
38.0,2025,10,2025-10-01,-0.8660254037844386,0.5000000000000001,2319292.0,11969.0,10988.0,22.0,1.4699637023593466,3.0,19.180753138075314,5215.0,2,Medium,0.41058356
38.0,2025,11,2025-11-01,-0.5000000000000004,0.8660254037844384,2319292.0,11969.0,10988.0,22.0,1.4699637023593466,3.0,19.180753138075314,5215.0,1,Low,0.4074045
38.0,2025,12,2025-12-01,-2.4492935982947064e-16,1.0,2319292.0,11969.0,10988.0,22.0,1.4699637023593466,3.0,19.180753138075314,5215.0,1,Low,0.4327037
38.0,2026,1,2026-01-01,0.49999999999999994,0.8660254037844387,2319292.0,11969.0,10988.0,22.0,1.4699637023593466,3.0,19.180753138075314,5215.0,2,Medium,0.37386748
38.0,2026,2,2026-02-01,0.8660254037844386,0.5000000000000001,2319292.0,11969.0,10988.0,22.0,1.4699637023593466,3.0,19.180753138075314,5215.0,2,Medium,0.37424633
38.0,2026,3,2026-03-01,1.0,6.123233995736766e-17,2319292.0,11969.0,10988.0,22.0,1.4699637023593466,3.0,19.180753138075314,5215.0,2,Medium,0.42986467
38.0,2026,4,2026-04-01,0.8660254037844387,-0.4999999999999998,2319292.0,11969.0,10988.0,22.0,1.4699637023593466,3.0,19.180753138075314,5215.0,0,High,0.41420087
39.0,2025,4,2025-04-01,0.8660254037844387,-0.4999999999999998,2296656.0,8360.0,8002.0,21.0,1.7796568017905994,7.0,19.180753138075314,6013.0,0,High,0.44301558
39.0,2025,5,2025-05-01,0.49999999999999994,-0.8660254037844387,2296656.0,8360.0,8002.0,21.0,1.7796568017905994,7.0,19.180753138075314,6013.0,2,Medium,0.4403722
39.0,2025,6,2025-06-01,1.2246467991473532e-16,-1.0,2296656.0,8360.0,8002.0,21.0,1.7796568017905994,7.0,19.180753138075314,6013.0,2,Medium,0.5163917
39.0,2025,7,2025-07-01,-0.4999999999999997,-0.8660254037844388,2296656.0,8360.0,8002.0,21.0,1.7796568017905994,7.0,19.180753138075314,6013.0,2,Medium,0.4987086
39.0,2025,8,2025-08-01,-0.8660254037844384,-0.5000000000000004,2296656.0,8360.0,8002.0,21.0,1.7796568017905994,7.0,19.180753138075314,6013.0,2,Medium,0.49187768
39.0,2025,9,2025-09-01,-1.0,-1.8369701987210297e-16,2296656.0,8360.0,8002.0,21.0,1.7796568017905994,7.0,19.180753138075314,6013.0,2,Medium,0.49428868
39.0,2025,10,2025-10-01,-0.8660254037844386,0.5000000000000001,2296656.0,8360.0,8002.0,21.0,1.7796568017905994,7.0,19.180753138075314,6013.0,2,Medium,0.4770852
39.0,2025,11,2025-11-01,-0.5000000000000004,0.8660254037844384,2296656.0,8360.0,8002.0,21.0,1.7796568017905994,7.0,19.180753138075314,6013.0,2,Medium,0.46487862
39.0,2025,12,2025-12-01,-2.4492935982947064e-16,1.0,2296656.0,8360.0,8002.0,21.0,1.7796568017905994,7.0,19.180753138075314,6013.0,2,Medium,0.4524917
39.0,2026,1,2026-01-01,0.49999999999999994,0.8660254037844387,2296656.0,8360.0,8002.0,21.0,1.7796568017905994,7.0,19.180753138075314,6013.0,2,Medium,0.42443174
39.0,2026,2,2026-02-01,0.8660254037844386,0.5000000000000001,2296656.0,8360.0,8002.0,21.0,1.7796568017905994,7.0,19.180753138075314,6013.0,2,Medium,0.42560098
39.0,2026,3,2026-03-01,1.0,6.123233995736766e-17,2296656.0,8360.0,8002.0,21.0,1.7796568017905994,7.0,19.180753138075314,6013.0,2,Medium,0.4914192
39.0,2026,4,2026-04-01,0.8660254037844387,-0.4999999999999998,2296656.0,8360.0,8002.0,21.0,1.7796568017905994,7.0,19.180753138075314,6013.0,0,High,0.44301558
40.0,2025,4,2025-04-01,0.8660254037844387,-0.4999999999999998,2308988.0,12135.0,11745.0,28.0,1.694906577937036,6.0,19.180753138075314,6500.0,0,High,0.5557083
40.0,2025,5,2025-05-01,0.49999999999999994,-0.8660254037844387,2308988.0,12135.0,11745.0,28.0,1.694906577937036,6.0,19.180753138075314,6500.0,0,High,0.50926816
40.0,2025,6,2025-06-01,1.2246467991473532e-16,-1.0,2308988.0,12135.0,11745.0,28.0,1.694906577937036,6.0,19.180753138075314,6500.0,2,Medium,0.48943496
40.0,2025,7,2025-07-01,-0.4999999999999997,-0.8660254037844388,2308988.0,12135.0,11745.0,28.0,1.694906577937036,6.0,19.180753138075314,6500.0,2,Medium,0.45882893
40.0,2025,8,2025-08-01,-0.8660254037844384,-0.5000000000000004,2308988.0,12135.0,11745.0,28.0,1.694906577937036,6.0,19.180753138075314,6500.0,0,High,0.43572956
40.0,2025,9,2025-09-01,-1.0,-1.8369701987210297e-16,2308988.0,12135.0,11745.0,28.0,1.694906577937036,6.0,19.180753138075314,6500.0,0,High,0.42767748
40.0,2025,10,2025-10-01,-0.8660254037844386,0.5000000000000001,2308988.0,12135.0,11745.0,28.0,1.694906577937036,6.0,19.180753138075314,6500.0,2,Medium,0.4648787
40.0,2025,11,2025-11-01,-0.5000000000000004,0.8660254037844384,2308988.0,12135.0,11745.0,28.0,1.694906577937036,6.0,19.180753138075314,6500.0,2,Medium,0.4544131
40.0,2025,12,2025-12-01,-2.4492935982947064e-16,1.0,2308988.0,12135.0,11745.0,28.0,1.694906577937036,6.0,19.180753138075314,6500.0,2,Medium,0.4455213
40.0,2026,1,2026-01-01,0.49999999999999994,0.8660254037844387,2308988.0,12135.0,11745.0,28.0,1.694906577937036,6.0,19.180753138075314,6500.0,0,High,0.4041693
40.0,2026,2,2026-02-01,0.8660254037844386,0.5000000000000001,2308988.0,12135.0,11745.0,28.0,1.694906577937036,6.0,19.180753138075314,6500.0,0,High,0.40459448
40.0,2026,3,2026-03-01,1.0,6.123233995736766e-17,2308988.0,12135.0,11745.0,28.0,1.694906577937036,6.0,19.180753138075314,6500.0,2,Medium,0.4478883
40.0,2026,4,2026-04-01,0.8660254037844387,-0.4999999999999998,2308988.0,12135.0,11745.0,28.0,1.694906577937036,6.0,19.180753138075314,6500.0,0,High,0.5557083
41.0,2025,4,2025-04-01,0.8660254037844387,-0.4999999999999998,1490058.0,5685.0,5338.0,32.0,1.864476386036961,3.0,19.180753138075314,4435.0,1,Low,0.49228412
41.0,2025,5,2025-05-01,0.49999999999999994,-0.8660254037844387,1490058.0,5685.0,5338.0,32.0,1.864476386036961,3.0,19.180753138075314,4435.0,1,Low,0.48277357
41.0,2025,6,2025-06-01,1.2246467991473532e-16,-1.0,1490058.0,5685.0,5338.0,32.0,1.864476386036961,3.0,19.180753138075314,4435.0,1,Low,0.52355754
41.0,2025,7,2025-07-01,-0.4999999999999997,-0.8660254037844388,1490058.0,5685.0,5338.0,32.0,1.864476386036961,3.0,19.180753138075314,4435.0,1,Low,0.5169418
41.0,2025,8,2025-08-01,-0.8660254037844384,-0.5000000000000004,1490058.0,5685.0,5338.0,32.0,1.864476386036961,3.0,19.180753138075314,4435.0,1,Low,0.5281408
41.0,2025,9,2025-09-01,-1.0,-1.8369701987210297e-16,1490058.0,5685.0,5338.0,32.0,1.864476386036961,3.0,19.180753138075314,4435.0,1,Low,0.5512917
41.0,2025,10,2025-10-01,-0.8660254037844386,0.5000000000000001,1490058.0,5685.0,5338.0,32.0,1.864476386036961,3.0,19.180753138075314,4435.0,1,Low,0.62276477
41.0,2025,11,2025-11-01,-0.5000000000000004,0.8660254037844384,1490058.0,5685.0,5338.0,32.0,1.864476386036961,3.0,19.180753138075314,4435.0,1,Low,0.63324136
41.0,2025,12,2025-12-01,-2.4492935982947064e-16,1.0,1490058.0,5685.0,5338.0,32.0,1.864476386036961,3.0,19.180753138075314,4435.0,1,Low,0.6700751
41.0,2026,1,2026-01-01,0.49999999999999994,0.8660254037844387,1490058.0,5685.0,5338.0,32.0,1.864476386036961,3.0,19.180753138075314,4435.0,1,Low,0.6000408
41.0,2026,2,2026-02-01,0.8660254037844386,0.5000000000000001,1490058.0,5685.0,5338.0,32.0,1.864476386036961,3.0,19.180753138075314,4435.0,1,Low,0.59761786
41.0,2026,3,2026-03-01,1.0,6.123233995736766e-17,1490058.0,5685.0,5338.0,32.0,1.864476386036961,3.0,19.180753138075314,4435.0,1,Low,0.5377715
41.0,2026,4,2026-04-01,0.8660254037844387,-0.4999999999999998,1490058.0,5685.0,5338.0,32.0,1.864476386036961,3.0,19.180753138075314,4435.0,1,Low,0.49228412
42.0,2025,4,2025-04-01,0.8660254037844387,-0.4999999999999998,2198864.0,9178.0,8669.0,33.0,1.6170782851817334,4.0,19.180753138075314,4181.0,2,Medium,0.4329337
42.0,2025,5,2025-05-01,0.49999999999999994,-0.8660254037844387,2198864.0,9178.0,8669.0,33.0,1.6170782851817334,4.0,19.180753138075314,4181.0,2,Medium,0.46944892
42.0,2025,6,2025-06-01,1.2246467991473532e-16,-1.0,2198864.0,9178.0,8669.0,33.0,1.6170782851817334,4.0,19.180753138075314,4181.0,2,Medium,0.46718585
42.0,2025,7,2025-07-01,-0.4999999999999997,-0.8660254037844388,2198864.0,9178.0,8669.0,33.0,1.6170782851817334,4.0,19.180753138075314,4181.0,2,Medium,0.46486336
42.0,2025,8,2025-08-01,-0.8660254037844384,-0.5000000000000004,2198864.0,9178.0,8669.0,33.0,1.6170782851817334,4.0,19.180753138075314,4181.0,2,Medium,0.4539515
42.0,2025,9,2025-09-01,-1.0,-1.8369701987210297e-16,2198864.0,9178.0,8669.0,33.0,1.6170782851817334,4.0,19.180753138075314,4181.0,1,Low,0.4449577
42.0,2025,10,2025-10-01,-0.8660254037844386,0.5000000000000001,2198864.0,9178.0,8669.0,33.0,1.6170782851817334,4.0,19.180753138075314,4181.0,1,Low,0.51396084
42.0,2025,11,2025-11-01,-0.5000000000000004,0.8660254037844384,2198864.0,9178.0,8669.0,33.0,1.6170782851817334,4.0,19.180753138075314,4181.0,1,Low,0.525886
42.0,2025,12,2025-12-01,-2.4492935982947064e-16,1.0,2198864.0,9178.0,8669.0,33.0,1.6170782851817334,4.0,19.180753138075314,4181.0,1,Low,0.5481447
42.0,2026,1,2026-01-01,0.49999999999999994,0.8660254037844387,2198864.0,9178.0,8669.0,33.0,1.6170782851817334,4.0,19.180753138075314,4181.0,1,Low,0.4705658
42.0,2026,2,2026-02-01,0.8660254037844386,0.5000000000000001,2198864.0,9178.0,8669.0,33.0,1.6170782851817334,4.0,19.180753138075314,4181.0,1,Low,0.46793723
42.0,2026,3,2026-03-01,1.0,6.123233995736766e-17,2198864.0,9178.0,8669.0,33.0,1.6170782851817334,4.0,19.180753138075314,4181.0,2,Medium,0.4489657
42.0,2026,4,2026-04-01,0.8660254037844387,-0.4999999999999998,2198864.0,9178.0,8669.0,33.0,1.6170782851817334,4.0,19.180753138075314,4181.0,2,Medium,0.4329337
43.0,2025,4,2025-04-01,0.8660254037844387,-0.4999999999999998,1756969.0,7332.0,7084.0,17.0,1.696677833612507,2.0,19.180753138075314,3606.0,1,Low,0.5180905
43.0,2025,5,2025-05-01,0.49999999999999994,-0.8660254037844387,1756969.0,7332.0,7084.0,17.0,1.696677833612507,2.0,19.180753138075314,3606.0,1,Low,0.49525476
43.0,2025,6,2025-06-01,1.2246467991473532e-16,-1.0,1756969.0,7332.0,7084.0,17.0,1.696677833612507,2.0,19.180753138075314,3606.0,1,Low,0.5691712
43.0,2025,7,2025-07-01,-0.4999999999999997,-0.8660254037844388,1756969.0,7332.0,7084.0,17.0,1.696677833612507,2.0,19.180753138075314,3606.0,1,Low,0.58735114
43.0,2025,8,2025-08-01,-0.8660254037844384,-0.5000000000000004,1756969.0,7332.0,7084.0,17.0,1.696677833612507,2.0,19.180753138075314,3606.0,1,Low,0.59881854
43.0,2025,9,2025-09-01,-1.0,-1.8369701987210297e-16,1756969.0,7332.0,7084.0,17.0,1.696677833612507,2.0,19.180753138075314,3606.0,1,Low,0.6251514
43.0,2025,10,2025-10-01,-0.8660254037844386,0.5000000000000001,1756969.0,7332.0,7084.0,17.0,1.696677833612507,2.0,19.180753138075314,3606.0,1,Low,0.7418942
43.0,2025,11,2025-11-01,-0.5000000000000004,0.8660254037844384,1756969.0,7332.0,7084.0,17.0,1.696677833612507,2.0,19.180753138075314,3606.0,1,Low,0.7519763
43.0,2025,12,2025-12-01,-2.4492935982947064e-16,1.0,1756969.0,7332.0,7084.0,17.0,1.696677833612507,2.0,19.180753138075314,3606.0,1,Low,0.7682615
43.0,2026,1,2026-01-01,0.49999999999999994,0.8660254037844387,1756969.0,7332.0,7084.0,17.0,1.696677833612507,2.0,19.180753138075314,3606.0,1,Low,0.68628544
43.0,2026,2,2026-02-01,0.8660254037844386,0.5000000000000001,1756969.0,7332.0,7084.0,17.0,1.696677833612507,2.0,19.180753138075314,3606.0,1,Low,0.67875123
43.0,2026,3,2026-03-01,1.0,6.123233995736766e-17,1756969.0,7332.0,7084.0,17.0,1.696677833612507,2.0,19.180753138075314,3606.0,1,Low,0.609859
43.0,2026,4,2026-04-01,0.8660254037844387,-0.4999999999999998,1756969.0,7332.0,7084.0,17.0,1.696677833612507,2.0,19.180753138075314,3606.0,1,Low,0.5180905
44.0,2025,4,2025-04-01,0.8660254037844387,-0.4999999999999998,1552175.0,8420.0,7320.0,18.0,1.6538668098818474,2.0,19.180753138075314,2293.0,1,Low,0.629736
44.0,2025,5,2025-05-01,0.49999999999999994,-0.8660254037844387,1552175.0,8420.0,7320.0,18.0,1.6538668098818474,2.0,19.180753138075314,2293.0,1,Low,0.6105989
44.0,2025,6,2025-06-01,1.2246467991473532e-16,-1.0,1552175.0,8420.0,7320.0,18.0,1.6538668098818474,2.0,19.180753138075314,2293.0,1,Low,0.69633955
44.0,2025,7,2025-07-01,-0.4999999999999997,-0.8660254037844388,1552175.0,8420.0,7320.0,18.0,1.6538668098818474,2.0,19.180753138075314,2293.0,1,Low,0.73948145
44.0,2025,8,2025-08-01,-0.8660254037844384,-0.5000000000000004,1552175.0,8420.0,7320.0,18.0,1.6538668098818474,2.0,19.180753138075314,2293.0,1,Low,0.7379141
44.0,2025,9,2025-09-01,-1.0,-1.8369701987210297e-16,1552175.0,8420.0,7320.0,18.0,1.6538668098818474,2.0,19.180753138075314,2293.0,1,Low,0.7729215
44.0,2025,10,2025-10-01,-0.8660254037844386,0.5000000000000001,1552175.0,8420.0,7320.0,18.0,1.6538668098818474,2.0,19.180753138075314,2293.0,1,Low,0.85148007
44.0,2025,11,2025-11-01,-0.5000000000000004,0.8660254037844384,1552175.0,8420.0,7320.0,18.0,1.6538668098818474,2.0,19.180753138075314,2293.0,1,Low,0.8582372
44.0,2025,12,2025-12-01,-2.4492935982947064e-16,1.0,1552175.0,8420.0,7320.0,18.0,1.6538668098818474,2.0,19.180753138075314,2293.0,1,Low,0.8617777
44.0,2026,1,2026-01-01,0.49999999999999994,0.8660254037844387,1552175.0,8420.0,7320.0,18.0,1.6538668098818474,2.0,19.180753138075314,2293.0,1,Low,0.7896704
44.0,2026,2,2026-02-01,0.8660254037844386,0.5000000000000001,1552175.0,8420.0,7320.0,18.0,1.6538668098818474,2.0,19.180753138075314,2293.0,1,Low,0.78347564
44.0,2026,3,2026-03-01,1.0,6.123233995736766e-17,1552175.0,8420.0,7320.0,18.0,1.6538668098818474,2.0,19.180753138075314,2293.0,1,Low,0.73878145
44.0,2026,4,2026-04-01,0.8660254037844387,-0.4999999999999998,1552175.0,8420.0,7320.0,18.0,1.6538668098818474,2.0,19.180753138075314,2293.0,1,Low,0.629736
45.0,2025,4,2025-04-01,0.8660254037844387,-0.4999999999999998,961711.0,3103.0,2855.0,8.0,1.7205934298834331,4.0,19.180753138075314,2526.0,1,Low,0.49654537
45.0,2025,5,2025-05-01,0.49999999999999994,-0.8660254037844387,961711.0,3103.0,2855.0,8.0,1.7205934298834331,4.0,19.180753138075314,2526.0,1,Low,0.49255836
45.0,2025,6,2025-06-01,1.2246467991473532e-16,-1.0,961711.0,3103.0,2855.0,8.0,1.7205934298834331,4.0,19.180753138075314,2526.0,1,Low,0.5528062
45.0,2025,7,2025-07-01,-0.4999999999999997,-0.8660254037844388,961711.0,3103.0,2855.0,8.0,1.7205934298834331,4.0,19.180753138075314,2526.0,1,Low,0.5802228
45.0,2025,8,2025-08-01,-0.8660254037844384,-0.5000000000000004,961711.0,3103.0,2855.0,8.0,1.7205934298834331,4.0,19.180753138075314,2526.0,1,Low,0.5876192
45.0,2025,9,2025-09-01,-1.0,-1.8369701987210297e-16,961711.0,3103.0,2855.0,8.0,1.7205934298834331,4.0,19.180753138075314,2526.0,1,Low,0.6106607
45.0,2025,10,2025-10-01,-0.8660254037844386,0.5000000000000001,961711.0,3103.0,2855.0,8.0,1.7205934298834331,4.0,19.180753138075314,2526.0,1,Low,0.66854453
45.0,2025,11,2025-11-01,-0.5000000000000004,0.8660254037844384,961711.0,3103.0,2855.0,8.0,1.7205934298834331,4.0,19.180753138075314,2526.0,1,Low,0.6783476
45.0,2025,12,2025-12-01,-2.4492935982947064e-16,1.0,961711.0,3103.0,2855.0,8.0,1.7205934298834331,4.0,19.180753138075314,2526.0,1,Low,0.73605174
45.0,2026,1,2026-01-01,0.49999999999999994,0.8660254037844387,961711.0,3103.0,2855.0,8.0,1.7205934298834331,4.0,19.180753138075314,2526.0,1,Low,0.59828866
45.0,2026,2,2026-02-01,0.8660254037844386,0.5000000000000001,961711.0,3103.0,2855.0,8.0,1.7205934298834331,4.0,19.180753138075314,2526.0,1,Low,0.5919176
45.0,2026,3,2026-03-01,1.0,6.123233995736766e-17,961711.0,3103.0,2855.0,8.0,1.7205934298834331,4.0,19.180753138075314,2526.0,1,Low,0.5435299
45.0,2026,4,2026-04-01,0.8660254037844387,-0.4999999999999998,961711.0,3103.0,2855.0,8.0,1.7205934298834331,4.0,19.180753138075314,2526.0,1,Low,0.49654537
46.0,2025,4,2025-04-01,0.8660254037844387,-0.4999999999999998,2180526.0,7648.0,7104.0,39.0,1.811927252220499,2.0,19.180753138075314,3360.0,1,Low,0.46534348
46.0,2025,5,2025-05-01,0.49999999999999994,-0.8660254037844387,2180526.0,7648.0,7104.0,39.0,1.811927252220499,2.0,19.180753138075314,3360.0,1,Low,0.4508108
46.0,2025,6,2025-06-01,1.2246467991473532e-16,-1.0,2180526.0,7648.0,7104.0,39.0,1.811927252220499,2.0,19.180753138075314,3360.0,1,Low,0.50411946
46.0,2025,7,2025-07-01,-0.4999999999999997,-0.8660254037844388,2180526.0,7648.0,7104.0,39.0,1.811927252220499,2.0,19.180753138075314,3360.0,1,Low,0.5106778
46.0,2025,8,2025-08-01,-0.8660254037844384,-0.5000000000000004,2180526.0,7648.0,7104.0,39.0,1.811927252220499,2.0,19.180753138075314,3360.0,1,Low,0.513146
46.0,2025,9,2025-09-01,-1.0,-1.8369701987210297e-16,2180526.0,7648.0,7104.0,39.0,1.811927252220499,2.0,19.180753138075314,3360.0,1,Low,0.58573407
46.0,2025,10,2025-10-01,-0.8660254037844386,0.5000000000000001,2180526.0,7648.0,7104.0,39.0,1.811927252220499,2.0,19.180753138075314,3360.0,1,Low,0.6660796
46.0,2025,11,2025-11-01,-0.5000000000000004,0.8660254037844384,2180526.0,7648.0,7104.0,39.0,1.811927252220499,2.0,19.180753138075314,3360.0,1,Low,0.6758012
46.0,2025,12,2025-12-01,-2.4492935982947064e-16,1.0,2180526.0,7648.0,7104.0,39.0,1.811927252220499,2.0,19.180753138075314,3360.0,1,Low,0.70051205
46.0,2026,1,2026-01-01,0.49999999999999994,0.8660254037844387,2180526.0,7648.0,7104.0,39.0,1.811927252220499,2.0,19.180753138075314,3360.0,1,Low,0.63303137
46.0,2026,2,2026-02-01,0.8660254037844386,0.5000000000000001,2180526.0,7648.0,7104.0,39.0,1.811927252220499,2.0,19.180753138075314,3360.0,1,Low,0.62717843
46.0,2026,3,2026-03-01,1.0,6.123233995736766e-17,2180526.0,7648.0,7104.0,39.0,1.811927252220499,2.0,19.180753138075314,3360.0,1,Low,0.55744505
46.0,2026,4,2026-04-01,0.8660254037844387,-0.4999999999999998,2180526.0,7648.0,7104.0,39.0,1.811927252220499,2.0,19.180753138075314,3360.0,1,Low,0.46534348
47.0,2025,4,2025-04-01,0.8660254037844387,-0.4999999999999998,2111184.0,8985.0,8486.0,31.0,1.917863026594493,4.0,19.180753138075314,5550.0,2,Medium,0.39020157
47.0,2025,5,2025-05-01,0.49999999999999994,-0.8660254037844387,2111184.0,8985.0,8486.0,31.0,1.917863026594493,4.0,19.180753138075314,5550.0,2,Medium,0.42491934
47.0,2025,6,2025-06-01,1.2246467991473532e-16,-1.0,2111184.0,8985.0,8486.0,31.0,1.917863026594493,4.0,19.180753138075314,5550.0,2,Medium,0.43467575
47.0,2025,7,2025-07-01,-0.4999999999999997,-0.8660254037844388,2111184.0,8985.0,8486.0,31.0,1.917863026594493,4.0,19.180753138075314,5550.0,2,Medium,0.44777682
47.0,2025,8,2025-08-01,-0.8660254037844384,-0.5000000000000004,2111184.0,8985.0,8486.0,31.0,1.917863026594493,4.0,19.180753138075314,5550.0,2,Medium,0.43809286
47.0,2025,9,2025-09-01,-1.0,-1.8369701987210297e-16,2111184.0,8985.0,8486.0,31.0,1.917863026594493,4.0,19.180753138075314,5550.0,2,Medium,0.4121743
47.0,2025,10,2025-10-01,-0.8660254037844386,0.5000000000000001,2111184.0,8985.0,8486.0,31.0,1.917863026594493,4.0,19.180753138075314,5550.0,1,Low,0.44010657
47.0,2025,11,2025-11-01,-0.5000000000000004,0.8660254037844384,2111184.0,8985.0,8486.0,31.0,1.917863026594493,4.0,19.180753138075314,5550.0,1,Low,0.45155948
47.0,2025,12,2025-12-01,-2.4492935982947064e-16,1.0,2111184.0,8985.0,8486.0,31.0,1.917863026594493,4.0,19.180753138075314,5550.0,1,Low,0.47348815
47.0,2026,1,2026-01-01,0.49999999999999994,0.8660254037844387,2111184.0,8985.0,8486.0,31.0,1.917863026594493,4.0,19.180753138075314,5550.0,1,Low,0.39139354
47.0,2026,2,2026-02-01,0.8660254037844386,0.5000000000000001,2111184.0,8985.0,8486.0,31.0,1.917863026594493,4.0,19.180753138075314,5550.0,1,Low,0.38869676
47.0,2026,3,2026-03-01,1.0,6.123233995736766e-17,2111184.0,8985.0,8486.0,31.0,1.917863026594493,4.0,19.180753138075314,5550.0,2,Medium,0.44725063
47.0,2026,4,2026-04-01,0.8660254037844387,-0.4999999999999998,2111184.0,8985.0,8486.0,31.0,1.917863026594493,4.0,19.180753138075314,5550.0,2,Medium,0.39020157
48.0,2025,4,2025-04-01,0.8660254037844387,-0.4999999999999998,1085323.0,5183.0,4684.0,15.0,1.83129904097646,4.0,19.180753138075314,4591.0,1,Low,0.43067357
48.0,2025,5,2025-05-01,0.49999999999999994,-0.8660254037844387,1085323.0,5183.0,4684.0,15.0,1.83129904097646,4.0,19.180753138075314,4591.0,2,Medium,0.44837502
48.0,2025,6,2025-06-01,1.2246467991473532e-16,-1.0,1085323.0,5183.0,4684.0,15.0,1.83129904097646,4.0,19.180753138075314,4591.0,1,Low,0.47528806
48.0,2025,7,2025-07-01,-0.4999999999999997,-0.8660254037844388,1085323.0,5183.0,4684.0,15.0,1.83129904097646,4.0,19.180753138075314,4591.0,1,Low,0.50190324
48.0,2025,8,2025-08-01,-0.8660254037844384,-0.5000000000000004,1085323.0,5183.0,4684.0,15.0,1.83129904097646,4.0,19.180753138075314,4591.0,1,Low,0.5096001
48.0,2025,9,2025-09-01,-1.0,-1.8369701987210297e-16,1085323.0,5183.0,4684.0,15.0,1.83129904097646,4.0,19.180753138075314,4591.0,1,Low,0.5374592
48.0,2025,10,2025-10-01,-0.8660254037844386,0.5000000000000001,1085323.0,5183.0,4684.0,15.0,1.83129904097646,4.0,19.180753138075314,4591.0,1,Low,0.59342927
48.0,2025,11,2025-11-01,-0.5000000000000004,0.8660254037844384,1085323.0,5183.0,4684.0,15.0,1.83129904097646,4.0,19.180753138075314,4591.0,1,Low,0.6041579
48.0,2025,12,2025-12-01,-2.4492935982947064e-16,1.0,1085323.0,5183.0,4684.0,15.0,1.83129904097646,4.0,19.180753138075314,4591.0,1,Low,0.6262214
48.0,2026,1,2026-01-01,0.49999999999999994,0.8660254037844387,1085323.0,5183.0,4684.0,15.0,1.83129904097646,4.0,19.180753138075314,4591.0,1,Low,0.52699333
48.0,2026,2,2026-02-01,0.8660254037844386,0.5000000000000001,1085323.0,5183.0,4684.0,15.0,1.83129904097646,4.0,19.180753138075314,4591.0,1,Low,0.5244343
48.0,2026,3,2026-03-01,1.0,6.123233995736766e-17,1085323.0,5183.0,4684.0,15.0,1.83129904097646,4.0,19.180753138075314,4591.0,1,Low,0.4675817
48.0,2026,4,2026-04-01,0.8660254037844387,-0.4999999999999998,1085323.0,5183.0,4684.0,15.0,1.83129904097646,4.0,19.180753138075314,4591.0,1,Low,0.43067357
49.0,2025,4,2025-04-01,0.8660254037844387,-0.4999999999999998,4369177.0,9412.0,8433.0,21.0,1.6250451535219748,3.0,19.180753138075314,5540.0,2,Medium,0.36692417
49.0,2025,5,2025-05-01,0.49999999999999994,-0.8660254037844387,4369177.0,9412.0,8433.0,21.0,1.6250451535219748,3.0,19.180753138075314,5540.0,2,Medium,0.40553278
49.0,2025,6,2025-06-01,1.2246467991473532e-16,-1.0,4369177.0,9412.0,8433.0,21.0,1.6250451535219748,3.0,19.180753138075314,5540.0,2,Medium,0.4311914
49.0,2025,7,2025-07-01,-0.4999999999999997,-0.8660254037844388,4369177.0,9412.0,8433.0,21.0,1.6250451535219748,3.0,19.180753138075314,5540.0,2,Medium,0.41560748
49.0,2025,8,2025-08-01,-0.8660254037844384,-0.5000000000000004,4369177.0,9412.0,8433.0,21.0,1.6250451535219748,3.0,19.180753138075314,5540.0,1,Low,0.41052604
49.0,2025,9,2025-09-01,-1.0,-1.8369701987210297e-16,4369177.0,9412.0,8433.0,21.0,1.6250451535219748,3.0,19.180753138075314,5540.0,1,Low,0.41005275
49.0,2025,10,2025-10-01,-0.8660254037844386,0.5000000000000001,4369177.0,9412.0,8433.0,21.0,1.6250451535219748,3.0,19.180753138075314,5540.0,1,Low,0.51649654
49.0,2025,11,2025-11-01,-0.5000000000000004,0.8660254037844384,4369177.0,9412.0,8433.0,21.0,1.6250451535219748,3.0,19.180753138075314,5540.0,1,Low,0.5281187
49.0,2025,12,2025-12-01,-2.4492935982947064e-16,1.0,4369177.0,9412.0,8433.0,21.0,1.6250451535219748,3.0,19.180753138075314,5540.0,1,Low,0.5535564
49.0,2026,1,2026-01-01,0.49999999999999994,0.8660254037844387,4369177.0,9412.0,8433.0,21.0,1.6250451535219748,3.0,19.180753138075314,5540.0,1,Low,0.46268517
49.0,2026,2,2026-02-01,0.8660254037844386,0.5000000000000001,4369177.0,9412.0,8433.0,21.0,1.6250451535219748,3.0,19.180753138075314,5540.0,1,Low,0.45989373
49.0,2026,3,2026-03-01,1.0,6.123233995736766e-17,4369177.0,9412.0,8433.0,21.0,1.6250451535219748,3.0,19.180753138075314,5540.0,2,Medium,0.40191486
49.0,2026,4,2026-04-01,0.8660254037844387,-0.4999999999999998,4369177.0,9412.0,8433.0,21.0,1.6250451535219748,3.0,19.180753138075314,5540.0,2,Medium,0.36692417
50.0,2025,4,2025-04-01,0.8660254037844387,-0.4999999999999998,1990555.0,7063.0,6853.0,25.0,1.721500295333727,3.0,19.180753138075314,4152.0,1,Low,0.4874896
50.0,2025,5,2025-05-01,0.49999999999999994,-0.8660254037844387,1990555.0,7063.0,6853.0,25.0,1.721500295333727,3.0,19.180753138075314,4152.0,1,Low,0.4605344
50.0,2025,6,2025-06-01,1.2246467991473532e-16,-1.0,1990555.0,7063.0,6853.0,25.0,1.721500295333727,3.0,19.180753138075314,4152.0,1,Low,0.52874696
50.0,2025,7,2025-07-01,-0.4999999999999997,-0.8660254037844388,1990555.0,7063.0,6853.0,25.0,1.721500295333727,3.0,19.180753138075314,4152.0,1,Low,0.53785294
50.0,2025,8,2025-08-01,-0.8660254037844384,-0.5000000000000004,1990555.0,7063.0,6853.0,25.0,1.721500295333727,3.0,19.180753138075314,4152.0,1,Low,0.54172814
50.0,2025,9,2025-09-01,-1.0,-1.8369701987210297e-16,1990555.0,7063.0,6853.0,25.0,1.721500295333727,3.0,19.180753138075314,4152.0,1,Low,0.55725557
50.0,2025,10,2025-10-01,-0.8660254037844386,0.5000000000000001,1990555.0,7063.0,6853.0,25.0,1.721500295333727,3.0,19.180753138075314,4152.0,1,Low,0.6399457
50.0,2025,11,2025-11-01,-0.5000000000000004,0.8660254037844384,1990555.0,7063.0,6853.0,25.0,1.721500295333727,3.0,19.180753138075314,4152.0,1,Low,0.658259
50.0,2025,12,2025-12-01,-2.4492935982947064e-16,1.0,1990555.0,7063.0,6853.0,25.0,1.721500295333727,3.0,19.180753138075314,4152.0,1,Low,0.68062127
50.0,2026,1,2026-01-01,0.49999999999999994,0.8660254037844387,1990555.0,7063.0,6853.0,25.0,1.721500295333727,3.0,19.180753138075314,4152.0,1,Low,0.6008622
50.0,2026,2,2026-02-01,0.8660254037844386,0.5000000000000001,1990555.0,7063.0,6853.0,25.0,1.721500295333727,3.0,19.180753138075314,4152.0,1,Low,0.5984106
50.0,2026,3,2026-03-01,1.0,6.123233995736766e-17,1990555.0,7063.0,6853.0,25.0,1.721500295333727,3.0,19.180753138075314,4152.0,1,Low,0.53258574
50.0,2026,4,2026-04-01,0.8660254037844387,-0.4999999999999998,1990555.0,7063.0,6853.0,25.0,1.721500295333727,3.0,19.180753138075314,4152.0,1,Low,0.4874896
51.0,2025,4,2025-04-01,0.8660254037844387,-0.4999999999999998,589176.0,2085.0,1742.0,9.0,1.7788461538461535,0.0,19.180753138075314,520.0,1,Low,0.9646953
51.0,2025,5,2025-05-01,0.49999999999999994,-0.8660254037844387,589176.0,2085.0,1742.0,9.0,1.7788461538461535,0.0,19.180753138075314,520.0,1,Low,0.975387
51.0,2025,6,2025-06-01,1.2246467991473532e-16,-1.0,589176.0,2085.0,1742.0,9.0,1.7788461538461535,0.0,19.180753138075314,520.0,1,Low,0.9802295
51.0,2025,7,2025-07-01,-0.4999999999999997,-0.8660254037844388,589176.0,2085.0,1742.0,9.0,1.7788461538461535,0.0,19.180753138075314,520.0,1,Low,0.98557425
51.0,2025,8,2025-08-01,-0.8660254037844384,-0.5000000000000004,589176.0,2085.0,1742.0,9.0,1.7788461538461535,0.0,19.180753138075314,520.0,1,Low,0.9832659
51.0,2025,9,2025-09-01,-1.0,-1.8369701987210297e-16,589176.0,2085.0,1742.0,9.0,1.7788461538461535,0.0,19.180753138075314,520.0,1,Low,0.98991513
51.0,2025,10,2025-10-01,-0.8660254037844386,0.5000000000000001,589176.0,2085.0,1742.0,9.0,1.7788461538461535,0.0,19.180753138075314,520.0,1,Low,0.99120414
51.0,2025,11,2025-11-01,-0.5000000000000004,0.8660254037844384,589176.0,2085.0,1742.0,9.0,1.7788461538461535,0.0,19.180753138075314,520.0,1,Low,0.9916123
51.0,2025,12,2025-12-01,-2.4492935982947064e-16,1.0,589176.0,2085.0,1742.0,9.0,1.7788461538461535,0.0,19.180753138075314,520.0,1,Low,0.9926749
51.0,2026,1,2026-01-01,0.49999999999999994,0.8660254037844387,589176.0,2085.0,1742.0,9.0,1.7788461538461535,0.0,19.180753138075314,520.0,1,Low,0.9867111
51.0,2026,2,2026-02-01,0.8660254037844386,0.5000000000000001,589176.0,2085.0,1742.0,9.0,1.7788461538461535,0.0,19.180753138075314,520.0,1,Low,0.98187476
51.0,2026,3,2026-03-01,1.0,6.123233995736766e-17,589176.0,2085.0,1742.0,9.0,1.7788461538461535,0.0,19.180753138075314,520.0,1,Low,0.98067105
51.0,2026,4,2026-04-01,0.8660254037844387,-0.4999999999999998,589176.0,2085.0,1742.0,9.0,1.7788461538461535,0.0,19.180753138075314,520.0,1,Low,0.9646953
52.0,2025,4,2025-04-01,0.8660254037844387,-0.4999999999999998,707489.0,1478.0,1298.0,5.0,1.5675675675675675,0.0,19.180753138075314,328.0,1,Low,0.9826178
52.0,2025,5,2025-05-01,0.49999999999999994,-0.8660254037844387,707489.0,1478.0,1298.0,5.0,1.5675675675675675,0.0,19.180753138075314,328.0,1,Low,0.98900026
52.0,2025,6,2025-06-01,1.2246467991473532e-16,-1.0,707489.0,1478.0,1298.0,5.0,1.5675675675675675,0.0,19.180753138075314,328.0,1,Low,0.9914317
52.0,2025,7,2025-07-01,-0.4999999999999997,-0.8660254037844388,707489.0,1478.0,1298.0,5.0,1.5675675675675675,0.0,19.180753138075314,328.0,1,Low,0.99363846
52.0,2025,8,2025-08-01,-0.8660254037844384,-0.5000000000000004,707489.0,1478.0,1298.0,5.0,1.5675675675675675,0.0,19.180753138075314,328.0,1,Low,0.9926764
52.0,2025,9,2025-09-01,-1.0,-1.8369701987210297e-16,707489.0,1478.0,1298.0,5.0,1.5675675675675675,0.0,19.180753138075314,328.0,1,Low,0.9950919
52.0,2025,10,2025-10-01,-0.8660254037844386,0.5000000000000001,707489.0,1478.0,1298.0,5.0,1.5675675675675675,0.0,19.180753138075314,328.0,1,Low,0.99578923
52.0,2025,11,2025-11-01,-0.5000000000000004,0.8660254037844384,707489.0,1478.0,1298.0,5.0,1.5675675675675675,0.0,19.180753138075314,328.0,1,Low,0.99599
52.0,2025,12,2025-12-01,-2.4492935982947064e-16,1.0,707489.0,1478.0,1298.0,5.0,1.5675675675675675,0.0,19.180753138075314,328.0,1,Low,0.9965061
52.0,2026,1,2026-01-01,0.49999999999999994,0.8660254037844387,707489.0,1478.0,1298.0,5.0,1.5675675675675675,0.0,19.180753138075314,328.0,1,Low,0.99359363
52.0,2026,2,2026-02-01,0.8660254037844386,0.5000000000000001,707489.0,1478.0,1298.0,5.0,1.5675675675675675,0.0,19.180753138075314,328.0,1,Low,0.99044997
52.0,2026,3,2026-03-01,1.0,6.123233995736766e-17,707489.0,1478.0,1298.0,5.0,1.5675675675675675,0.0,19.180753138075314,328.0,1,Low,0.98989373
52.0,2026,4,2026-04-01,0.8660254037844387,-0.4999999999999998,707489.0,1478.0,1298.0,5.0,1.5675675675675675,0.0,19.180753138075314,328.0,1,Low,0.9826178
53.0,2025,4,2025-04-01,0.8660254037844387,-0.4999999999999998,1436309.0,6548.0,6270.0,16.0,1.6577437858508604,2.0,19.180753138075314,981.0,1,Low,0.8798211
53.0,2025,5,2025-05-01,0.49999999999999994,-0.8660254037844387,1436309.0,6548.0,6270.0,16.0,1.6577437858508604,2.0,19.180753138075314,981.0,1,Low,0.86693674
53.0,2025,6,2025-06-01,1.2246467991473532e-16,-1.0,1436309.0,6548.0,6270.0,16.0,1.6577437858508604,2.0,19.180753138075314,981.0,1,Low,0.902116
53.0,2025,7,2025-07-01,-0.4999999999999997,-0.8660254037844388,1436309.0,6548.0,6270.0,16.0,1.6577437858508604,2.0,19.180753138075314,981.0,1,Low,0.925986
53.0,2025,8,2025-08-01,-0.8660254037844384,-0.5000000000000004,1436309.0,6548.0,6270.0,16.0,1.6577437858508604,2.0,19.180753138075314,981.0,1,Low,0.92631125
53.0,2025,9,2025-09-01,-1.0,-1.8369701987210297e-16,1436309.0,6548.0,6270.0,16.0,1.6577437858508604,2.0,19.180753138075314,981.0,1,Low,0.95863813
53.0,2025,10,2025-10-01,-0.8660254037844386,0.5000000000000001,1436309.0,6548.0,6270.0,16.0,1.6577437858508604,2.0,19.180753138075314,981.0,1,Low,0.9669052
53.0,2025,11,2025-11-01,-0.5000000000000004,0.8660254037844384,1436309.0,6548.0,6270.0,16.0,1.6577437858508604,2.0,19.180753138075314,981.0,1,Low,0.96841997
53.0,2025,12,2025-12-01,-2.4492935982947064e-16,1.0,1436309.0,6548.0,6270.0,16.0,1.6577437858508604,2.0,19.180753138075314,981.0,1,Low,0.96870595
53.0,2026,1,2026-01-01,0.49999999999999994,0.8660254037844387,1436309.0,6548.0,6270.0,16.0,1.6577437858508604,2.0,19.180753138075314,981.0,1,Low,0.94759077
53.0,2026,2,2026-02-01,0.8660254037844386,0.5000000000000001,1436309.0,6548.0,6270.0,16.0,1.6577437858508604,2.0,19.180753138075314,981.0,1,Low,0.94603276
53.0,2026,3,2026-03-01,1.0,6.123233995736766e-17,1436309.0,6548.0,6270.0,16.0,1.6577437858508604,2.0,19.180753138075314,981.0,1,Low,0.9335796
53.0,2026,4,2026-04-01,0.8660254037844387,-0.4999999999999998,1436309.0,6548.0,6270.0,16.0,1.6577437858508604,2.0,19.180753138075314,981.0,1,Low,0.8798211
54.0,2025,4,2025-04-01,0.8660254037844387,-0.4999999999999998,1738859.0,6741.0,6309.0,9.0,1.868002544529262,1.0,19.180753138075314,1357.0,1,Low,0.93465835
54.0,2025,5,2025-05-01,0.49999999999999994,-0.8660254037844387,1738859.0,6741.0,6309.0,9.0,1.868002544529262,1.0,19.180753138075314,1357.0,1,Low,0.93123895
54.0,2025,6,2025-06-01,1.2246467991473532e-16,-1.0,1738859.0,6741.0,6309.0,9.0,1.868002544529262,1.0,19.180753138075314,1357.0,1,Low,0.94815874
54.0,2025,7,2025-07-01,-0.4999999999999997,-0.8660254037844388,1738859.0,6741.0,6309.0,9.0,1.868002544529262,1.0,19.180753138075314,1357.0,1,Low,0.96044266
54.0,2025,8,2025-08-01,-0.8660254037844384,-0.5000000000000004,1738859.0,6741.0,6309.0,9.0,1.868002544529262,1.0,19.180753138075314,1357.0,1,Low,0.95970404
54.0,2025,9,2025-09-01,-1.0,-1.8369701987210297e-16,1738859.0,6741.0,6309.0,9.0,1.868002544529262,1.0,19.180753138075314,1357.0,1,Low,0.97107464
54.0,2025,10,2025-10-01,-0.8660254037844386,0.5000000000000001,1738859.0,6741.0,6309.0,9.0,1.868002544529262,1.0,19.180753138075314,1357.0,1,Low,0.9755789
54.0,2025,11,2025-11-01,-0.5000000000000004,0.8660254037844384,1738859.0,6741.0,6309.0,9.0,1.868002544529262,1.0,19.180753138075314,1357.0,1,Low,0.97670776
54.0,2025,12,2025-12-01,-2.4492935982947064e-16,1.0,1738859.0,6741.0,6309.0,9.0,1.868002544529262,1.0,19.180753138075314,1357.0,1,Low,0.9774418
54.0,2026,1,2026-01-01,0.49999999999999994,0.8660254037844387,1738859.0,6741.0,6309.0,9.0,1.868002544529262,1.0,19.180753138075314,1357.0,1,Low,0.96328706
54.0,2026,2,2026-02-01,0.8660254037844386,0.5000000000000001,1738859.0,6741.0,6309.0,9.0,1.868002544529262,1.0,19.180753138075314,1357.0,1,Low,0.9613796
54.0,2026,3,2026-03-01,1.0,6.123233995736766e-17,1738859.0,6741.0,6309.0,9.0,1.868002544529262,1.0,19.180753138075314,1357.0,1,Low,0.95584005
54.0,2026,4,2026-04-01,0.8660254037844387,-0.4999999999999998,1738859.0,6741.0,6309.0,9.0,1.868002544529262,1.0,19.180753138075314,1357.0,1,Low,0.93465835
55.0,2025,4,2025-04-01,0.8660254037844387,-0.4999999999999998,3706127.0,11835.0,10670.0,28.0,1.6107002647676436,5.0,19.180753138075314,4610.0,2,Medium,0.40885285
55.0,2025,5,2025-05-01,0.49999999999999994,-0.8660254037844387,3706127.0,11835.0,10670.0,28.0,1.6107002647676436,5.0,19.180753138075314,4610.0,2,Medium,0.44497335
55.0,2025,6,2025-06-01,1.2246467991473532e-16,-1.0,3706127.0,11835.0,10670.0,28.0,1.6107002647676436,5.0,19.180753138075314,4610.0,2,Medium,0.46965066
55.0,2025,7,2025-07-01,-0.4999999999999997,-0.8660254037844388,3706127.0,11835.0,10670.0,28.0,1.6107002647676436,5.0,19.180753138075314,4610.0,1,Low,0.44223505
55.0,2025,8,2025-08-01,-0.8660254037844384,-0.5000000000000004,3706127.0,11835.0,10670.0,28.0,1.6107002647676436,5.0,19.180753138075314,4610.0,1,Low,0.45376262
55.0,2025,9,2025-09-01,-1.0,-1.8369701987210297e-16,3706127.0,11835.0,10670.0,28.0,1.6107002647676436,5.0,19.180753138075314,4610.0,1,Low,0.46995908
55.0,2025,10,2025-10-01,-0.8660254037844386,0.5000000000000001,3706127.0,11835.0,10670.0,28.0,1.6107002647676436,5.0,19.180753138075314,4610.0,1,Low,0.5447764
55.0,2025,11,2025-11-01,-0.5000000000000004,0.8660254037844384,3706127.0,11835.0,10670.0,28.0,1.6107002647676436,5.0,19.180753138075314,4610.0,1,Low,0.5588924
55.0,2025,12,2025-12-01,-2.4492935982947064e-16,1.0,3706127.0,11835.0,10670.0,28.0,1.6107002647676436,5.0,19.180753138075314,4610.0,1,Low,0.5760263
55.0,2026,1,2026-01-01,0.49999999999999994,0.8660254037844387,3706127.0,11835.0,10670.0,28.0,1.6107002647676436,5.0,19.180753138075314,4610.0,1,Low,0.48455688
55.0,2026,2,2026-02-01,0.8660254037844386,0.5000000000000001,3706127.0,11835.0,10670.0,28.0,1.6107002647676436,5.0,19.180753138075314,4610.0,1,Low,0.4797636
55.0,2026,3,2026-03-01,1.0,6.123233995736766e-17,3706127.0,11835.0,10670.0,28.0,1.6107002647676436,5.0,19.180753138075314,4610.0,2,Medium,0.42244226
55.0,2026,4,2026-04-01,0.8660254037844387,-0.4999999999999998,3706127.0,11835.0,10670.0,28.0,1.6107002647676436,5.0,19.180753138075314,4610.0,2,Medium,0.40885285
56.0,2025,4,2025-04-01,0.8660254037844387,-0.4999999999999998,1140664.0,5967.0,5367.0,5.0,1.6484848484848484,0.0,19.180753138075314,1046.0,1,Low,0.92345095
56.0,2025,5,2025-05-01,0.49999999999999994,-0.8660254037844387,1140664.0,5967.0,5367.0,5.0,1.6484848484848484,0.0,19.180753138075314,1046.0,1,Low,0.9353818
56.0,2025,6,2025-06-01,1.2246467991473532e-16,-1.0,1140664.0,5967.0,5367.0,5.0,1.6484848484848484,0.0,19.180753138075314,1046.0,1,Low,0.9492685
56.0,2025,7,2025-07-01,-0.4999999999999997,-0.8660254037844388,1140664.0,5967.0,5367.0,5.0,1.6484848484848484,0.0,19.180753138075314,1046.0,1,Low,0.96307105
56.0,2025,8,2025-08-01,-0.8660254037844384,-0.5000000000000004,1140664.0,5967.0,5367.0,5.0,1.6484848484848484,0.0,19.180753138075314,1046.0,1,Low,0.9583385
56.0,2025,9,2025-09-01,-1.0,-1.8369701987210297e-16,1140664.0,5967.0,5367.0,5.0,1.6484848484848484,0.0,19.180753138075314,1046.0,1,Low,0.97061
56.0,2025,10,2025-10-01,-0.8660254037844386,0.5000000000000001,1140664.0,5967.0,5367.0,5.0,1.6484848484848484,0.0,19.180753138075314,1046.0,1,Low,0.9746577
56.0,2025,11,2025-11-01,-0.5000000000000004,0.8660254037844384,1140664.0,5967.0,5367.0,5.0,1.6484848484848484,0.0,19.180753138075314,1046.0,1,Low,0.9757892
56.0,2025,12,2025-12-01,-2.4492935982947064e-16,1.0,1140664.0,5967.0,5367.0,5.0,1.6484848484848484,0.0,19.180753138075314,1046.0,1,Low,0.9759076
56.0,2026,1,2026-01-01,0.49999999999999994,0.8660254037844387,1140664.0,5967.0,5367.0,5.0,1.6484848484848484,0.0,19.180753138075314,1046.0,1,Low,0.9624664
56.0,2026,2,2026-02-01,0.8660254037844386,0.5000000000000001,1140664.0,5967.0,5367.0,5.0,1.6484848484848484,0.0,19.180753138075314,1046.0,1,Low,0.9541994
56.0,2026,3,2026-03-01,1.0,6.123233995736766e-17,1140664.0,5967.0,5367.0,5.0,1.6484848484848484,0.0,19.180753138075314,1046.0,1,Low,0.9470548
56.0,2026,4,2026-04-01,0.8660254037844387,-0.4999999999999998,1140664.0,5967.0,5367.0,5.0,1.6484848484848484,0.0,19.180753138075314,1046.0,1,Low,0.92345095
57.0,2025,4,2025-04-01,0.8660254037844387,-0.4999999999999998,2002227.0,12035.0,11403.0,27.0,1.4803003615463055,5.0,19.180753138075314,2805.0,2,Medium,0.40042108
57.0,2025,5,2025-05-01,0.49999999999999994,-0.8660254037844387,2002227.0,12035.0,11403.0,27.0,1.4803003615463055,5.0,19.180753138075314,2805.0,2,Medium,0.43434715
57.0,2025,6,2025-06-01,1.2246467991473532e-16,-1.0,2002227.0,12035.0,11403.0,27.0,1.4803003615463055,5.0,19.180753138075314,2805.0,2,Medium,0.4421336
57.0,2025,7,2025-07-01,-0.4999999999999997,-0.8660254037844388,2002227.0,12035.0,11403.0,27.0,1.4803003615463055,5.0,19.180753138075314,2805.0,2,Medium,0.42529988
57.0,2025,8,2025-08-01,-0.8660254037844384,-0.5000000000000004,2002227.0,12035.0,11403.0,27.0,1.4803003615463055,5.0,19.180753138075314,2805.0,1,Low,0.42328116
57.0,2025,9,2025-09-01,-1.0,-1.8369701987210297e-16,2002227.0,12035.0,11403.0,27.0,1.4803003615463055,5.0,19.180753138075314,2805.0,1,Low,0.4361328
57.0,2025,10,2025-10-01,-0.8660254037844386,0.5000000000000001,2002227.0,12035.0,11403.0,27.0,1.4803003615463055,5.0,19.180753138075314,2805.0,1,Low,0.527834
57.0,2025,11,2025-11-01,-0.5000000000000004,0.8660254037844384,2002227.0,12035.0,11403.0,27.0,1.4803003615463055,5.0,19.180753138075314,2805.0,1,Low,0.54173136
57.0,2025,12,2025-12-01,-2.4492935982947064e-16,1.0,2002227.0,12035.0,11403.0,27.0,1.4803003615463055,5.0,19.180753138075314,2805.0,1,Low,0.57938576
57.0,2026,1,2026-01-01,0.49999999999999994,0.8660254037844387,2002227.0,12035.0,11403.0,27.0,1.4803003615463055,5.0,19.180753138075314,2805.0,1,Low,0.44854847
57.0,2026,2,2026-02-01,0.8660254037844386,0.5000000000000001,2002227.0,12035.0,11403.0,27.0,1.4803003615463055,5.0,19.180753138075314,2805.0,1,Low,0.43990508
57.0,2026,3,2026-03-01,1.0,6.123233995736766e-17,2002227.0,12035.0,11403.0,27.0,1.4803003615463055,5.0,19.180753138075314,2805.0,2,Medium,0.43336108
57.0,2026,4,2026-04-01,0.8660254037844387,-0.4999999999999998,2002227.0,12035.0,11403.0,27.0,1.4803003615463055,5.0,19.180753138075314,2805.0,2,Medium,0.40042108
58.0,2025,4,2025-04-01,0.8660254037844387,-0.4999999999999998,314812.0,1999.0,1916.0,5.0,1.4281329923273658,1.0,19.180753138075314,362.0,1,Low,0.993646
58.0,2025,5,2025-05-01,0.49999999999999994,-0.8660254037844387,314812.0,1999.0,1916.0,5.0,1.4281329923273658,1.0,19.180753138075314,362.0,1,Low,0.99458057
58.0,2025,6,2025-06-01,1.2246467991473532e-16,-1.0,314812.0,1999.0,1916.0,5.0,1.4281329923273658,1.0,19.180753138075314,362.0,1,Low,0.9962309
58.0,2025,7,2025-07-01,-0.4999999999999997,-0.8660254037844388,314812.0,1999.0,1916.0,5.0,1.4281329923273658,1.0,19.180753138075314,362.0,1,Low,0.99705017
58.0,2025,8,2025-08-01,-0.8660254037844384,-0.5000000000000004,314812.0,1999.0,1916.0,5.0,1.4281329923273658,1.0,19.180753138075314,362.0,1,Low,0.9970476
58.0,2025,9,2025-09-01,-1.0,-1.8369701987210297e-16,314812.0,1999.0,1916.0,5.0,1.4281329923273658,1.0,19.180753138075314,362.0,1,Low,0.99789006
58.0,2025,10,2025-10-01,-0.8660254037844386,0.5000000000000001,314812.0,1999.0,1916.0,5.0,1.4281329923273658,1.0,19.180753138075314,362.0,1,Low,0.9983845
58.0,2025,11,2025-11-01,-0.5000000000000004,0.8660254037844384,314812.0,1999.0,1916.0,5.0,1.4281329923273658,1.0,19.180753138075314,362.0,1,Low,0.99847597
58.0,2025,12,2025-12-01,-2.4492935982947064e-16,1.0,314812.0,1999.0,1916.0,5.0,1.4281329923273658,1.0,19.180753138075314,362.0,1,Low,0.9986727
58.0,2026,1,2026-01-01,0.49999999999999994,0.8660254037844387,314812.0,1999.0,1916.0,5.0,1.4281329923273658,1.0,19.180753138075314,362.0,1,Low,0.9973007
58.0,2026,2,2026-02-01,0.8660254037844386,0.5000000000000001,314812.0,1999.0,1916.0,5.0,1.4281329923273658,1.0,19.180753138075314,362.0,1,Low,0.99669766
58.0,2026,3,2026-03-01,1.0,6.123233995736766e-17,314812.0,1999.0,1916.0,5.0,1.4281329923273658,1.0,19.180753138075314,362.0,1,Low,0.9958924
58.0,2026,4,2026-04-01,0.8660254037844387,-0.4999999999999998,314812.0,1999.0,1916.0,5.0,1.4281329923273658,1.0,19.180753138075314,362.0,1,Low,0.993646
59.0,2025,4,2025-04-01,0.8660254037844387,-0.4999999999999998,996130.0,5375.0,5116.0,8.0,1.7616822429906542,0.0,19.180753138075314,1084.0,1,Low,0.9424717
59.0,2025,5,2025-05-01,0.49999999999999994,-0.8660254037844387,996130.0,5375.0,5116.0,8.0,1.7616822429906542,0.0,19.180753138075314,1084.0,1,Low,0.9552986
59.0,2025,6,2025-06-01,1.2246467991473532e-16,-1.0,996130.0,5375.0,5116.0,8.0,1.7616822429906542,0.0,19.180753138075314,1084.0,1,Low,0.96205205
59.0,2025,7,2025-07-01,-0.4999999999999997,-0.8660254037844388,996130.0,5375.0,5116.0,8.0,1.7616822429906542,0.0,19.180753138075314,1084.0,1,Low,0.9724426
59.0,2025,8,2025-08-01,-0.8660254037844384,-0.5000000000000004,996130.0,5375.0,5116.0,8.0,1.7616822429906542,0.0,19.180753138075314,1084.0,1,Low,0.9679174
59.0,2025,9,2025-09-01,-1.0,-1.8369701987210297e-16,996130.0,5375.0,5116.0,8.0,1.7616822429906542,0.0,19.180753138075314,1084.0,1,Low,0.9771492
59.0,2025,10,2025-10-01,-0.8660254037844386,0.5000000000000001,996130.0,5375.0,5116.0,8.0,1.7616822429906542,0.0,19.180753138075314,1084.0,1,Low,0.9798523
59.0,2025,11,2025-11-01,-0.5000000000000004,0.8660254037844384,996130.0,5375.0,5116.0,8.0,1.7616822429906542,0.0,19.180753138075314,1084.0,1,Low,0.98075885
59.0,2025,12,2025-12-01,-2.4492935982947064e-16,1.0,996130.0,5375.0,5116.0,8.0,1.7616822429906542,0.0,19.180753138075314,1084.0,1,Low,0.98103607
59.0,2026,1,2026-01-01,0.49999999999999994,0.8660254037844387,996130.0,5375.0,5116.0,8.0,1.7616822429906542,0.0,19.180753138075314,1084.0,1,Low,0.9710642
59.0,2026,2,2026-02-01,0.8660254037844386,0.5000000000000001,996130.0,5375.0,5116.0,8.0,1.7616822429906542,0.0,19.180753138075314,1084.0,1,Low,0.9646469
59.0,2026,3,2026-03-01,1.0,6.123233995736766e-17,996130.0,5375.0,5116.0,8.0,1.7616822429906542,0.0,19.180753138075314,1084.0,1,Low,0.9605135
59.0,2026,4,2026-04-01,0.8660254037844387,-0.4999999999999998,996130.0,5375.0,5116.0,8.0,1.7616822429906542,0.0,19.180753138075314,1084.0,1,Low,0.9424717
61.0,2025,4,2025-04-01,0.8660254037844387,-0.4999999999999998,3205305.0,14694.0,14200.0,24.0,1.714509915822514,6.0,19.180753138075314,3671.0,2,Medium,0.41513485
61.0,2025,5,2025-05-01,0.49999999999999994,-0.8660254037844387,3205305.0,14694.0,14200.0,24.0,1.714509915822514,6.0,19.180753138075314,3671.0,2,Medium,0.44899565
61.0,2025,6,2025-06-01,1.2246467991473532e-16,-1.0,3205305.0,14694.0,14200.0,24.0,1.714509915822514,6.0,19.180753138075314,3671.0,2,Medium,0.45147687
61.0,2025,7,2025-07-01,-0.4999999999999997,-0.8660254037844388,3205305.0,14694.0,14200.0,24.0,1.714509915822514,6.0,19.180753138075314,3671.0,2,Medium,0.43445623
61.0,2025,8,2025-08-01,-0.8660254037844384,-0.5000000000000004,3205305.0,14694.0,14200.0,24.0,1.714509915822514,6.0,19.180753138075314,3671.0,1,Low,0.44310352
61.0,2025,9,2025-09-01,-1.0,-1.8369701987210297e-16,3205305.0,14694.0,14200.0,24.0,1.714509915822514,6.0,19.180753138075314,3671.0,1,Low,0.4603316
61.0,2025,10,2025-10-01,-0.8660254037844386,0.5000000000000001,3205305.0,14694.0,14200.0,24.0,1.714509915822514,6.0,19.180753138075314,3671.0,1,Low,0.5600673
61.0,2025,11,2025-11-01,-0.5000000000000004,0.8660254037844384,3205305.0,14694.0,14200.0,24.0,1.714509915822514,6.0,19.180753138075314,3671.0,1,Low,0.57398933
61.0,2025,12,2025-12-01,-2.4492935982947064e-16,1.0,3205305.0,14694.0,14200.0,24.0,1.714509915822514,6.0,19.180753138075314,3671.0,1,Low,0.58900523
61.0,2026,1,2026-01-01,0.49999999999999994,0.8660254037844387,3205305.0,14694.0,14200.0,24.0,1.714509915822514,6.0,19.180753138075314,3671.0,1,Low,0.49111927
61.0,2026,2,2026-02-01,0.8660254037844386,0.5000000000000001,3205305.0,14694.0,14200.0,24.0,1.714509915822514,6.0,19.180753138075314,3671.0,1,Low,0.48232058
61.0,2026,3,2026-03-01,1.0,6.123233995736766e-17,3205305.0,14694.0,14200.0,24.0,1.714509915822514,6.0,19.180753138075314,3671.0,2,Medium,0.44097233
61.0,2026,4,2026-04-01,0.8660254037844387,-0.4999999999999998,3205305.0,14694.0,14200.0,24.0,1.714509915822514,6.0,19.180753138075314,3671.0,2,Medium,0.41513485
62.0,2025,4,2025-04-01,0.8660254037844387,-0.4999999999999998,563761.0,170.0,2.0,0.0,1.4065040650406504,0.0,19.180753138075314,794.0,1,Low,0.9922758
62.0,2025,5,2025-05-01,0.49999999999999994,-0.8660254037844387,563761.0,170.0,2.0,0.0,1.4065040650406504,0.0,19.180753138075314,794.0,1,Low,0.9953204
62.0,2025,6,2025-06-01,1.2246467991473532e-16,-1.0,563761.0,170.0,2.0,0.0,1.4065040650406504,0.0,19.180753138075314,794.0,1,Low,0.99671775
62.0,2025,7,2025-07-01,-0.4999999999999997,-0.8660254037844388,563761.0,170.0,2.0,0.0,1.4065040650406504,0.0,19.180753138075314,794.0,1,Low,0.9975522
62.0,2025,8,2025-08-01,-0.8660254037844384,-0.5000000000000004,563761.0,170.0,2.0,0.0,1.4065040650406504,0.0,19.180753138075314,794.0,1,Low,0.9971008
62.0,2025,9,2025-09-01,-1.0,-1.8369701987210297e-16,563761.0,170.0,2.0,0.0,1.4065040650406504,0.0,19.180753138075314,794.0,1,Low,0.99810153
62.0,2025,10,2025-10-01,-0.8660254037844386,0.5000000000000001,563761.0,170.0,2.0,0.0,1.4065040650406504,0.0,19.180753138075314,794.0,1,Low,0.9983491
62.0,2025,11,2025-11-01,-0.5000000000000004,0.8660254037844384,563761.0,170.0,2.0,0.0,1.4065040650406504,0.0,19.180753138075314,794.0,1,Low,0.99842983
62.0,2025,12,2025-12-01,-2.4492935982947064e-16,1.0,563761.0,170.0,2.0,0.0,1.4065040650406504,0.0,19.180753138075314,794.0,1,Low,0.99863005
62.0,2026,1,2026-01-01,0.49999999999999994,0.8660254037844387,563761.0,170.0,2.0,0.0,1.4065040650406504,0.0,19.180753138075314,794.0,1,Low,0.99722844
62.0,2026,2,2026-02-01,0.8660254037844386,0.5000000000000001,563761.0,170.0,2.0,0.0,1.4065040650406504,0.0,19.180753138075314,794.0,1,Low,0.9958169
62.0,2026,3,2026-03-01,1.0,6.123233995736766e-17,563761.0,170.0,2.0,0.0,1.4065040650406504,0.0,19.180753138075314,794.0,1,Low,0.995602
62.0,2026,4,2026-04-01,0.8660254037844387,-0.4999999999999998,563761.0,170.0,2.0,0.0,1.4065040650406504,0.0,19.180753138075314,794.0,1,Low,0.9922758
63.0,2025,4,2025-04-01,0.8660254037844387,-0.4999999999999998,1773773.0,6882.0,6080.0,13.0,1.3425324675324677,4.0,19.180753138075314,3589.0,1,Low,0.49210668
63.0,2025,5,2025-05-01,0.49999999999999994,-0.8660254037844387,1773773.0,6882.0,6080.0,13.0,1.3425324675324677,4.0,19.180753138075314,3589.0,1,Low,0.46789595
63.0,2025,6,2025-06-01,1.2246467991473532e-16,-1.0,1773773.0,6882.0,6080.0,13.0,1.3425324675324677,4.0,19.180753138075314,3589.0,1,Low,0.5468184
63.0,2025,7,2025-07-01,-0.4999999999999997,-0.8660254037844388,1773773.0,6882.0,6080.0,13.0,1.3425324675324677,4.0,19.180753138075314,3589.0,1,Low,0.5767452
63.0,2025,8,2025-08-01,-0.8660254037844384,-0.5000000000000004,1773773.0,6882.0,6080.0,13.0,1.3425324675324677,4.0,19.180753138075314,3589.0,1,Low,0.59179676
63.0,2025,9,2025-09-01,-1.0,-1.8369701987210297e-16,1773773.0,6882.0,6080.0,13.0,1.3425324675324677,4.0,19.180753138075314,3589.0,1,Low,0.6204631
63.0,2025,10,2025-10-01,-0.8660254037844386,0.5000000000000001,1773773.0,6882.0,6080.0,13.0,1.3425324675324677,4.0,19.180753138075314,3589.0,1,Low,0.6709146
63.0,2025,11,2025-11-01,-0.5000000000000004,0.8660254037844384,1773773.0,6882.0,6080.0,13.0,1.3425324675324677,4.0,19.180753138075314,3589.0,1,Low,0.68065387
63.0,2025,12,2025-12-01,-2.4492935982947064e-16,1.0,1773773.0,6882.0,6080.0,13.0,1.3425324675324677,4.0,19.180753138075314,3589.0,1,Low,0.69608414
63.0,2026,1,2026-01-01,0.49999999999999994,0.8660254037844387,1773773.0,6882.0,6080.0,13.0,1.3425324675324677,4.0,19.180753138075314,3589.0,1,Low,0.5930098
63.0,2026,2,2026-02-01,0.8660254037844386,0.5000000000000001,1773773.0,6882.0,6080.0,13.0,1.3425324675324677,4.0,19.180753138075314,3589.0,1,Low,0.5865808
63.0,2026,3,2026-03-01,1.0,6.123233995736766e-17,1773773.0,6882.0,6080.0,13.0,1.3425324675324677,4.0,19.180753138075314,3589.0,1,Low,0.5368281
63.0,2026,4,2026-04-01,0.8660254037844387,-0.4999999999999998,1773773.0,6882.0,6080.0,13.0,1.3425324675324677,4.0,19.180753138075314,3589.0,1,Low,0.49210668
64.0,2025,4,2025-04-01,0.8660254037844387,-0.4999999999999998,3688563.0,12428.0,10879.0,43.0,1.769970685232686,7.0,19.180753138075314,5865.0,0,High,0.6287578
64.0,2025,5,2025-05-01,0.49999999999999994,-0.8660254037844387,3688563.0,12428.0,10879.0,43.0,1.769970685232686,7.0,19.180753138075314,5865.0,0,High,0.59733963
64.0,2025,6,2025-06-01,1.2246467991473532e-16,-1.0,3688563.0,12428.0,10879.0,43.0,1.769970685232686,7.0,19.180753138075314,5865.0,0,High,0.4628546
64.0,2025,7,2025-07-01,-0.4999999999999997,-0.8660254037844388,3688563.0,12428.0,10879.0,43.0,1.769970685232686,7.0,19.180753138075314,5865.0,0,High,0.4727785
64.0,2025,8,2025-08-01,-0.8660254037844384,-0.5000000000000004,3688563.0,12428.0,10879.0,43.0,1.769970685232686,7.0,19.180753138075314,5865.0,0,High,0.47689307
64.0,2025,9,2025-09-01,-1.0,-1.8369701987210297e-16,3688563.0,12428.0,10879.0,43.0,1.769970685232686,7.0,19.180753138075314,5865.0,0,High,0.5366015
64.0,2025,10,2025-10-01,-0.8660254037844386,0.5000000000000001,3688563.0,12428.0,10879.0,43.0,1.769970685232686,7.0,19.180753138075314,5865.0,2,Medium,0.45887774
64.0,2025,11,2025-11-01,-0.5000000000000004,0.8660254037844384,3688563.0,12428.0,10879.0,43.0,1.769970685232686,7.0,19.180753138075314,5865.0,2,Medium,0.45176095
64.0,2025,12,2025-12-01,-2.4492935982947064e-16,1.0,3688563.0,12428.0,10879.0,43.0,1.769970685232686,7.0,19.180753138075314,5865.0,2,Medium,0.4395267
64.0,2026,1,2026-01-01,0.49999999999999994,0.8660254037844387,3688563.0,12428.0,10879.0,43.0,1.769970685232686,7.0,19.180753138075314,5865.0,0,High,0.49611542
64.0,2026,2,2026-02-01,0.8660254037844386,0.5000000000000001,3688563.0,12428.0,10879.0,43.0,1.769970685232686,7.0,19.180753138075314,5865.0,0,High,0.49695438
64.0,2026,3,2026-03-01,1.0,6.123233995736766e-17,3688563.0,12428.0,10879.0,43.0,1.769970685232686,7.0,19.180753138075314,5865.0,0,High,0.52333087
64.0,2026,4,2026-04-01,0.8660254037844387,-0.4999999999999998,3688563.0,12428.0,10879.0,43.0,1.769970685232686,7.0,19.180753138075314,5865.0,0,High,0.6287578
65.0,2025,4,2025-04-01,0.8660254037844387,-0.4999999999999998,4801941.0,19445.0,17732.0,45.0,1.688111968667204,8.0,19.180753138075314,6956.0,0,High,0.7501003
65.0,2025,5,2025-05-01,0.49999999999999994,-0.8660254037844387,4801941.0,19445.0,17732.0,45.0,1.688111968667204,8.0,19.180753138075314,6956.0,0,High,0.7074679
65.0,2025,6,2025-06-01,1.2246467991473532e-16,-1.0,4801941.0,19445.0,17732.0,45.0,1.688111968667204,8.0,19.180753138075314,6956.0,0,High,0.5916581
65.0,2025,7,2025-07-01,-0.4999999999999997,-0.8660254037844388,4801941.0,19445.0,17732.0,45.0,1.688111968667204,8.0,19.180753138075314,6956.0,0,High,0.6126177
65.0,2025,8,2025-08-01,-0.8660254037844384,-0.5000000000000004,4801941.0,19445.0,17732.0,45.0,1.688111968667204,8.0,19.180753138075314,6956.0,0,High,0.6340778
65.0,2025,9,2025-09-01,-1.0,-1.8369701987210297e-16,4801941.0,19445.0,17732.0,45.0,1.688111968667204,8.0,19.180753138075314,6956.0,0,High,0.6471035
65.0,2025,10,2025-10-01,-0.8660254037844386,0.5000000000000001,4801941.0,19445.0,17732.0,45.0,1.688111968667204,8.0,19.180753138075314,6956.0,0,High,0.46513143
65.0,2025,11,2025-11-01,-0.5000000000000004,0.8660254037844384,4801941.0,19445.0,17732.0,45.0,1.688111968667204,8.0,19.180753138075314,6956.0,0,High,0.46673504
65.0,2025,12,2025-12-01,-2.4492935982947064e-16,1.0,4801941.0,19445.0,17732.0,45.0,1.688111968667204,8.0,19.180753138075314,6956.0,0,High,0.46605355
65.0,2026,1,2026-01-01,0.49999999999999994,0.8660254037844387,4801941.0,19445.0,17732.0,45.0,1.688111968667204,8.0,19.180753138075314,6956.0,0,High,0.59743255
65.0,2026,2,2026-02-01,0.8660254037844386,0.5000000000000001,4801941.0,19445.0,17732.0,45.0,1.688111968667204,8.0,19.180753138075314,6956.0,0,High,0.5991118
65.0,2026,3,2026-03-01,1.0,6.123233995736766e-17,4801941.0,19445.0,17732.0,45.0,1.688111968667204,8.0,19.180753138075314,6956.0,0,High,0.60659343
65.0,2026,4,2026-04-01,0.8660254037844387,-0.4999999999999998,4801941.0,19445.0,17732.0,45.0,1.688111968667204,8.0,19.180753138075314,6956.0,0,High,0.7501003
66.0,2025,4,2025-04-01,0.8660254037844387,-0.4999999999999998,2447781.0,10382.0,9991.0,34.0,1.9259485301596988,5.0,19.180753138075314,5479.0,0,High,0.6114874
66.0,2025,5,2025-05-01,0.49999999999999994,-0.8660254037844387,2447781.0,10382.0,9991.0,34.0,1.9259485301596988,5.0,19.180753138075314,5479.0,0,High,0.5827271
66.0,2025,6,2025-06-01,1.2246467991473532e-16,-1.0,2447781.0,10382.0,9991.0,34.0,1.9259485301596988,5.0,19.180753138075314,5479.0,0,High,0.47514698
66.0,2025,7,2025-07-01,-0.4999999999999997,-0.8660254037844388,2447781.0,10382.0,9991.0,34.0,1.9259485301596988,5.0,19.180753138075314,5479.0,0,High,0.4839951
66.0,2025,8,2025-08-01,-0.8660254037844384,-0.5000000000000004,2447781.0,10382.0,9991.0,34.0,1.9259485301596988,5.0,19.180753138075314,5479.0,0,High,0.48661837
66.0,2025,9,2025-09-01,-1.0,-1.8369701987210297e-16,2447781.0,10382.0,9991.0,34.0,1.9259485301596988,5.0,19.180753138075314,5479.0,0,High,0.5637644
66.0,2025,10,2025-10-01,-0.8660254037844386,0.5000000000000001,2447781.0,10382.0,9991.0,34.0,1.9259485301596988,5.0,19.180753138075314,5479.0,2,Medium,0.35405084
66.0,2025,11,2025-11-01,-0.5000000000000004,0.8660254037844384,2447781.0,10382.0,9991.0,34.0,1.9259485301596988,5.0,19.180753138075314,5479.0,2,Medium,0.34429777
66.0,2025,12,2025-12-01,-2.4492935982947064e-16,1.0,2447781.0,10382.0,9991.0,34.0,1.9259485301596988,5.0,19.180753138075314,5479.0,1,Low,0.33662593
66.0,2026,1,2026-01-01,0.49999999999999994,0.8660254037844387,2447781.0,10382.0,9991.0,34.0,1.9259485301596988,5.0,19.180753138075314,5479.0,0,High,0.46002477
66.0,2026,2,2026-02-01,0.8660254037844386,0.5000000000000001,2447781.0,10382.0,9991.0,34.0,1.9259485301596988,5.0,19.180753138075314,5479.0,0,High,0.4611873
66.0,2026,3,2026-03-01,1.0,6.123233995736766e-17,2447781.0,10382.0,9991.0,34.0,1.9259485301596988,5.0,19.180753138075314,5479.0,0,High,0.5036067
66.0,2026,4,2026-04-01,0.8660254037844387,-0.4999999999999998,2447781.0,10382.0,9991.0,34.0,1.9259485301596988,5.0,19.180753138075314,5479.0,0,High,0.6114874
67.0,2025,4,2025-04-01,0.8660254037844387,-0.4999999999999998,1183912.0,9263.0,8239.0,5.0,1.245451075200407,0.0,19.180753138075314,1200.0,1,Low,0.94538134
67.0,2025,5,2025-05-01,0.49999999999999994,-0.8660254037844387,1183912.0,9263.0,8239.0,5.0,1.245451075200407,0.0,19.180753138075314,1200.0,1,Low,0.9519281
67.0,2025,6,2025-06-01,1.2246467991473532e-16,-1.0,1183912.0,9263.0,8239.0,5.0,1.245451075200407,0.0,19.180753138075314,1200.0,1,Low,0.9644697
67.0,2025,7,2025-07-01,-0.4999999999999997,-0.8660254037844388,1183912.0,9263.0,8239.0,5.0,1.245451075200407,0.0,19.180753138075314,1200.0,1,Low,0.9729164
67.0,2025,8,2025-08-01,-0.8660254037844384,-0.5000000000000004,1183912.0,9263.0,8239.0,5.0,1.245451075200407,0.0,19.180753138075314,1200.0,1,Low,0.97200656
67.0,2025,9,2025-09-01,-1.0,-1.8369701987210297e-16,1183912.0,9263.0,8239.0,5.0,1.245451075200407,0.0,19.180753138075314,1200.0,1,Low,0.98002577
67.0,2025,10,2025-10-01,-0.8660254037844386,0.5000000000000001,1183912.0,9263.0,8239.0,5.0,1.245451075200407,0.0,19.180753138075314,1200.0,1,Low,0.9829285
67.0,2025,11,2025-11-01,-0.5000000000000004,0.8660254037844384,1183912.0,9263.0,8239.0,5.0,1.245451075200407,0.0,19.180753138075314,1200.0,1,Low,0.98370326
67.0,2025,12,2025-12-01,-2.4492935982947064e-16,1.0,1183912.0,9263.0,8239.0,5.0,1.245451075200407,0.0,19.180753138075314,1200.0,1,Low,0.983978
67.0,2026,1,2026-01-01,0.49999999999999994,0.8660254037844387,1183912.0,9263.0,8239.0,5.0,1.245451075200407,0.0,19.180753138075314,1200.0,1,Low,0.97437966
67.0,2026,2,2026-02-01,0.8660254037844386,0.5000000000000001,1183912.0,9263.0,8239.0,5.0,1.245451075200407,0.0,19.180753138075314,1200.0,1,Low,0.9675
67.0,2026,3,2026-03-01,1.0,6.123233995736766e-17,1183912.0,9263.0,8239.0,5.0,1.245451075200407,0.0,19.180753138075314,1200.0,1,Low,0.96220654
67.0,2026,4,2026-04-01,0.8660254037844387,-0.4999999999999998,1183912.0,9263.0,8239.0,5.0,1.245451075200407,0.0,19.180753138075314,1200.0,1,Low,0.94538134
71.0,2025,4,2025-04-01,0.8660254037844387,-0.4999999999999998,1943035.0,940.0,292.0,0.0,1.4552469135802468,2.0,19.180753138075314,1150.0,1,Low,0.8757333
71.0,2025,5,2025-05-01,0.49999999999999994,-0.8660254037844387,1943035.0,940.0,292.0,0.0,1.4552469135802468,2.0,19.180753138075314,1150.0,1,Low,0.8742848
71.0,2025,6,2025-06-01,1.2246467991473532e-16,-1.0,1943035.0,940.0,292.0,0.0,1.4552469135802468,2.0,19.180753138075314,1150.0,1,Low,0.90133107
71.0,2025,7,2025-07-01,-0.4999999999999997,-0.8660254037844388,1943035.0,940.0,292.0,0.0,1.4552469135802468,2.0,19.180753138075314,1150.0,1,Low,0.9254826
71.0,2025,8,2025-08-01,-0.8660254037844384,-0.5000000000000004,1943035.0,940.0,292.0,0.0,1.4552469135802468,2.0,19.180753138075314,1150.0,1,Low,0.9214282
71.0,2025,9,2025-09-01,-1.0,-1.8369701987210297e-16,1943035.0,940.0,292.0,0.0,1.4552469135802468,2.0,19.180753138075314,1150.0,1,Low,0.9495334
71.0,2025,10,2025-10-01,-0.8660254037844386,0.5000000000000001,1943035.0,940.0,292.0,0.0,1.4552469135802468,2.0,19.180753138075314,1150.0,1,Low,0.95513046
71.0,2025,11,2025-11-01,-0.5000000000000004,0.8660254037844384,1943035.0,940.0,292.0,0.0,1.4552469135802468,2.0,19.180753138075314,1150.0,1,Low,0.957093
71.0,2025,12,2025-12-01,-2.4492935982947064e-16,1.0,1943035.0,940.0,292.0,0.0,1.4552469135802468,2.0,19.180753138075314,1150.0,1,Low,0.9625739
71.0,2026,1,2026-01-01,0.49999999999999994,0.8660254037844387,1943035.0,940.0,292.0,0.0,1.4552469135802468,2.0,19.180753138075314,1150.0,1,Low,0.93123496
71.0,2026,2,2026-02-01,0.8660254037844386,0.5000000000000001,1943035.0,940.0,292.0,0.0,1.4552469135802468,2.0,19.180753138075314,1150.0,1,Low,0.92949283
71.0,2026,3,2026-03-01,1.0,6.123233995736766e-17,1943035.0,940.0,292.0,0.0,1.4552469135802468,2.0,19.180753138075314,1150.0,1,Low,0.92151326
71.0,2026,4,2026-04-01,0.8660254037844387,-0.4999999999999998,1943035.0,940.0,292.0,0.0,1.4552469135802468,2.0,19.180753138075314,1150.0,1,Low,0.8757333
72.0,2025,4,2025-04-01,0.8660254037844387,-0.4999999999999998,5102063.0,15982.0,14346.0,22.0,1.6022478470296306,8.0,19.180753138075314,6379.0,2,Medium,0.39868933
72.0,2025,5,2025-05-01,0.49999999999999994,-0.8660254037844387,5102063.0,15982.0,14346.0,22.0,1.6022478470296306,8.0,19.180753138075314,6379.0,2,Medium,0.4591286
72.0,2025,6,2025-06-01,1.2246467991473532e-16,-1.0,5102063.0,15982.0,14346.0,22.0,1.6022478470296306,8.0,19.180753138075314,6379.0,2,Medium,0.5315016
72.0,2025,7,2025-07-01,-0.4999999999999997,-0.8660254037844388,5102063.0,15982.0,14346.0,22.0,1.6022478470296306,8.0,19.180753138075314,6379.0,2,Medium,0.5038604
72.0,2025,8,2025-08-01,-0.8660254037844384,-0.5000000000000004,5102063.0,15982.0,14346.0,22.0,1.6022478470296306,8.0,19.180753138075314,6379.0,2,Medium,0.46953934
72.0,2025,9,2025-09-01,-1.0,-1.8369701987210297e-16,5102063.0,15982.0,14346.0,22.0,1.6022478470296306,8.0,19.180753138075314,6379.0,2,Medium,0.46481085
72.0,2025,10,2025-10-01,-0.8660254037844386,0.5000000000000001,5102063.0,15982.0,14346.0,22.0,1.6022478470296306,8.0,19.180753138075314,6379.0,2,Medium,0.4644991
72.0,2025,11,2025-11-01,-0.5000000000000004,0.8660254037844384,5102063.0,15982.0,14346.0,22.0,1.6022478470296306,8.0,19.180753138075314,6379.0,2,Medium,0.45146748
72.0,2025,12,2025-12-01,-2.4492935982947064e-16,1.0,5102063.0,15982.0,14346.0,22.0,1.6022478470296306,8.0,19.180753138075314,6379.0,2,Medium,0.4406191
72.0,2026,1,2026-01-01,0.49999999999999994,0.8660254037844387,5102063.0,15982.0,14346.0,22.0,1.6022478470296306,8.0,19.180753138075314,6379.0,2,Medium,0.42806393
72.0,2026,2,2026-02-01,0.8660254037844386,0.5000000000000001,5102063.0,15982.0,14346.0,22.0,1.6022478470296306,8.0,19.180753138075314,6379.0,2,Medium,0.43149447
72.0,2026,3,2026-03-01,1.0,6.123233995736766e-17,5102063.0,15982.0,14346.0,22.0,1.6022478470296306,8.0,19.180753138075314,6379.0,2,Medium,0.48830914
72.0,2026,4,2026-04-01,0.8660254037844387,-0.4999999999999998,5102063.0,15982.0,14346.0,22.0,1.6022478470296306,8.0,19.180753138075314,6379.0,2,Medium,0.39868933
73.0,2025,4,2025-04-01,0.8660254037844387,-0.4999999999999998,3151424.0,10061.0,9214.0,43.0,1.5394206087275395,6.0,19.180753138075314,5280.0,2,Medium,0.4156299
73.0,2025,5,2025-05-01,0.49999999999999994,-0.8660254037844387,3151424.0,10061.0,9214.0,43.0,1.5394206087275395,6.0,19.180753138075314,5280.0,2,Medium,0.45256495
73.0,2025,6,2025-06-01,1.2246467991473532e-16,-1.0,3151424.0,10061.0,9214.0,43.0,1.5394206087275395,6.0,19.180753138075314,5280.0,2,Medium,0.5156358
73.0,2025,7,2025-07-01,-0.4999999999999997,-0.8660254037844388,3151424.0,10061.0,9214.0,43.0,1.5394206087275395,6.0,19.180753138075314,5280.0,2,Medium,0.49985197
73.0,2025,8,2025-08-01,-0.8660254037844384,-0.5000000000000004,3151424.0,10061.0,9214.0,43.0,1.5394206087275395,6.0,19.180753138075314,5280.0,2,Medium,0.49159035
73.0,2025,9,2025-09-01,-1.0,-1.8369701987210297e-16,3151424.0,10061.0,9214.0,43.0,1.5394206087275395,6.0,19.180753138075314,5280.0,2,Medium,0.42041805
73.0,2025,10,2025-10-01,-0.8660254037844386,0.5000000000000001,3151424.0,10061.0,9214.0,43.0,1.5394206087275395,6.0,19.180753138075314,5280.0,2,Medium,0.477121
73.0,2025,11,2025-11-01,-0.5000000000000004,0.8660254037844384,3151424.0,10061.0,9214.0,43.0,1.5394206087275395,6.0,19.180753138075314,5280.0,2,Medium,0.46745527
73.0,2025,12,2025-12-01,-2.4492935982947064e-16,1.0,3151424.0,10061.0,9214.0,43.0,1.5394206087275395,6.0,19.180753138075314,5280.0,2,Medium,0.4521758
73.0,2026,1,2026-01-01,0.49999999999999994,0.8660254037844387,3151424.0,10061.0,9214.0,43.0,1.5394206087275395,6.0,19.180753138075314,5280.0,2,Medium,0.42525125
73.0,2026,2,2026-02-01,0.8660254037844386,0.5000000000000001,3151424.0,10061.0,9214.0,43.0,1.5394206087275395,6.0,19.180753138075314,5280.0,2,Medium,0.42593208
73.0,2026,3,2026-03-01,1.0,6.123233995736766e-17,3151424.0,10061.0,9214.0,43.0,1.5394206087275395,6.0,19.180753138075314,5280.0,2,Medium,0.49507266
73.0,2026,4,2026-04-01,0.8660254037844387,-0.4999999999999998,3151424.0,10061.0,9214.0,43.0,1.5394206087275395,6.0,19.180753138075314,5280.0,2,Medium,0.4156299
74.0,2025,4,2025-04-01,0.8660254037844387,-0.4999999999999998,2379741.0,6145.0,5606.0,20.0,1.755144750610394,0.0,19.180753138075314,960.0,1,Low,0.88385886
74.0,2025,5,2025-05-01,0.49999999999999994,-0.8660254037844387,2379741.0,6145.0,5606.0,20.0,1.755144750610394,0.0,19.180753138075314,960.0,1,Low,0.90201133
74.0,2025,6,2025-06-01,1.2246467991473532e-16,-1.0,2379741.0,6145.0,5606.0,20.0,1.755144750610394,0.0,19.180753138075314,960.0,1,Low,0.9267402
74.0,2025,7,2025-07-01,-0.4999999999999997,-0.8660254037844388,2379741.0,6145.0,5606.0,20.0,1.755144750610394,0.0,19.180753138075314,960.0,1,Low,0.9439655
74.0,2025,8,2025-08-01,-0.8660254037844384,-0.5000000000000004,2379741.0,6145.0,5606.0,20.0,1.755144750610394,0.0,19.180753138075314,960.0,1,Low,0.936429
74.0,2025,9,2025-09-01,-1.0,-1.8369701987210297e-16,2379741.0,6145.0,5606.0,20.0,1.755144750610394,0.0,19.180753138075314,960.0,1,Low,0.95441854
74.0,2025,10,2025-10-01,-0.8660254037844386,0.5000000000000001,2379741.0,6145.0,5606.0,20.0,1.755144750610394,0.0,19.180753138075314,960.0,1,Low,0.96224594
74.0,2025,11,2025-11-01,-0.5000000000000004,0.8660254037844384,2379741.0,6145.0,5606.0,20.0,1.755144750610394,0.0,19.180753138075314,960.0,1,Low,0.9639159
74.0,2025,12,2025-12-01,-2.4492935982947064e-16,1.0,2379741.0,6145.0,5606.0,20.0,1.755144750610394,0.0,19.180753138075314,960.0,1,Low,0.9637274
74.0,2026,1,2026-01-01,0.49999999999999994,0.8660254037844387,2379741.0,6145.0,5606.0,20.0,1.755144750610394,0.0,19.180753138075314,960.0,1,Low,0.9436132
74.0,2026,2,2026-02-01,0.8660254037844386,0.5000000000000001,2379741.0,6145.0,5606.0,20.0,1.755144750610394,0.0,19.180753138075314,960.0,1,Low,0.931543
74.0,2026,3,2026-03-01,1.0,6.123233995736766e-17,2379741.0,6145.0,5606.0,20.0,1.755144750610394,0.0,19.180753138075314,960.0,1,Low,0.9159768
74.0,2026,4,2026-04-01,0.8660254037844387,-0.4999999999999998,2379741.0,6145.0,5606.0,20.0,1.755144750610394,0.0,19.180753138075314,960.0,1,Low,0.88385886
75.0,2025,4,2025-04-01,0.8660254037844387,-0.4999999999999998,1706037.0,6196.0,5852.0,29.0,1.6885135135135134,2.0,19.180753138075314,2075.0,1,Low,0.7505664
75.0,2025,5,2025-05-01,0.49999999999999994,-0.8660254037844387,1706037.0,6196.0,5852.0,29.0,1.6885135135135134,2.0,19.180753138075314,2075.0,1,Low,0.7246621
75.0,2025,6,2025-06-01,1.2246467991473532e-16,-1.0,1706037.0,6196.0,5852.0,29.0,1.6885135135135134,2.0,19.180753138075314,2075.0,1,Low,0.78475016
75.0,2025,7,2025-07-01,-0.4999999999999997,-0.8660254037844388,1706037.0,6196.0,5852.0,29.0,1.6885135135135134,2.0,19.180753138075314,2075.0,1,Low,0.8263149
75.0,2025,8,2025-08-01,-0.8660254037844384,-0.5000000000000004,1706037.0,6196.0,5852.0,29.0,1.6885135135135134,2.0,19.180753138075314,2075.0,1,Low,0.8286666
75.0,2025,9,2025-09-01,-1.0,-1.8369701987210297e-16,1706037.0,6196.0,5852.0,29.0,1.6885135135135134,2.0,19.180753138075314,2075.0,1,Low,0.8530521
75.0,2025,10,2025-10-01,-0.8660254037844386,0.5000000000000001,1706037.0,6196.0,5852.0,29.0,1.6885135135135134,2.0,19.180753138075314,2075.0,1,Low,0.902906
75.0,2025,11,2025-11-01,-0.5000000000000004,0.8660254037844384,1706037.0,6196.0,5852.0,29.0,1.6885135135135134,2.0,19.180753138075314,2075.0,1,Low,0.90699184
75.0,2025,12,2025-12-01,-2.4492935982947064e-16,1.0,1706037.0,6196.0,5852.0,29.0,1.6885135135135134,2.0,19.180753138075314,2075.0,1,Low,0.9073415
75.0,2026,1,2026-01-01,0.49999999999999994,0.8660254037844387,1706037.0,6196.0,5852.0,29.0,1.6885135135135134,2.0,19.180753138075314,2075.0,1,Low,0.8598905
75.0,2026,2,2026-02-01,0.8660254037844386,0.5000000000000001,1706037.0,6196.0,5852.0,29.0,1.6885135135135134,2.0,19.180753138075314,2075.0,1,Low,0.8563856
75.0,2026,3,2026-03-01,1.0,6.123233995736766e-17,1706037.0,6196.0,5852.0,29.0,1.6885135135135134,2.0,19.180753138075314,2075.0,1,Low,0.8213807
75.0,2026,4,2026-04-01,0.8660254037844387,-0.4999999999999998,1706037.0,6196.0,5852.0,29.0,1.6885135135135134,2.0,19.180753138075314,2075.0,1,Low,0.7505664
76.0,2025,4,2025-04-01,0.8660254037844387,-0.4999999999999998,2041690.0,5475.0,4879.0,28.0,1.9016820184221064,3.0,19.180753138075314,2402.0,1,Low,0.7586199
76.0,2025,5,2025-05-01,0.49999999999999994,-0.8660254037844387,2041690.0,5475.0,4879.0,28.0,1.9016820184221064,3.0,19.180753138075314,2402.0,1,Low,0.7538342
76.0,2025,6,2025-06-01,1.2246467991473532e-16,-1.0,2041690.0,5475.0,4879.0,28.0,1.9016820184221064,3.0,19.180753138075314,2402.0,1,Low,0.7968697
76.0,2025,7,2025-07-01,-0.4999999999999997,-0.8660254037844388,2041690.0,5475.0,4879.0,28.0,1.9016820184221064,3.0,19.180753138075314,2402.0,1,Low,0.825296
76.0,2025,8,2025-08-01,-0.8660254037844384,-0.5000000000000004,2041690.0,5475.0,4879.0,28.0,1.9016820184221064,3.0,19.180753138075314,2402.0,1,Low,0.8239295
76.0,2025,9,2025-09-01,-1.0,-1.8369701987210297e-16,2041690.0,5475.0,4879.0,28.0,1.9016820184221064,3.0,19.180753138075314,2402.0,1,Low,0.8557285
76.0,2025,10,2025-10-01,-0.8660254037844386,0.5000000000000001,2041690.0,5475.0,4879.0,28.0,1.9016820184221064,3.0,19.180753138075314,2402.0,1,Low,0.8841468
76.0,2025,11,2025-11-01,-0.5000000000000004,0.8660254037844384,2041690.0,5475.0,4879.0,28.0,1.9016820184221064,3.0,19.180753138075314,2402.0,1,Low,0.8886669
76.0,2025,12,2025-12-01,-2.4492935982947064e-16,1.0,2041690.0,5475.0,4879.0,28.0,1.9016820184221064,3.0,19.180753138075314,2402.0,1,Low,0.8933499
76.0,2026,1,2026-01-01,0.49999999999999994,0.8660254037844387,2041690.0,5475.0,4879.0,28.0,1.9016820184221064,3.0,19.180753138075314,2402.0,1,Low,0.8468634
76.0,2026,2,2026-02-01,0.8660254037844386,0.5000000000000001,2041690.0,5475.0,4879.0,28.0,1.9016820184221064,3.0,19.180753138075314,2402.0,1,Low,0.8434612
76.0,2026,3,2026-03-01,1.0,6.123233995736766e-17,2041690.0,5475.0,4879.0,28.0,1.9016820184221064,3.0,19.180753138075314,2402.0,1,Low,0.81883854
76.0,2026,4,2026-04-01,0.8660254037844387,-0.4999999999999998,2041690.0,5475.0,4879.0,28.0,1.9016820184221064,3.0,19.180753138075314,2402.0,1,Low,0.7586199
77.0,2025,4,2025-04-01,0.8660254037844387,-0.4999999999999998,333230.0,1398.0,1313.0,5.0,1.9072700296735905,0.0,19.180753138075314,481.0,1,Low,0.9961753
77.0,2025,5,2025-05-01,0.49999999999999994,-0.8660254037844387,333230.0,1398.0,1313.0,5.0,1.9072700296735905,0.0,19.180753138075314,481.0,1,Low,0.9972555
77.0,2025,6,2025-06-01,1.2246467991473532e-16,-1.0,333230.0,1398.0,1313.0,5.0,1.9072700296735905,0.0,19.180753138075314,481.0,1,Low,0.99774384
77.0,2025,7,2025-07-01,-0.4999999999999997,-0.8660254037844388,333230.0,1398.0,1313.0,5.0,1.9072700296735905,0.0,19.180753138075314,481.0,1,Low,0.99826103
77.0,2025,8,2025-08-01,-0.8660254037844384,-0.5000000000000004,333230.0,1398.0,1313.0,5.0,1.9072700296735905,0.0,19.180753138075314,481.0,1,Low,0.9981323
77.0,2025,9,2025-09-01,-1.0,-1.8369701987210297e-16,333230.0,1398.0,1313.0,5.0,1.9072700296735905,0.0,19.180753138075314,481.0,1,Low,0.9986437
77.0,2025,10,2025-10-01,-0.8660254037844386,0.5000000000000001,333230.0,1398.0,1313.0,5.0,1.9072700296735905,0.0,19.180753138075314,481.0,1,Low,0.9989766
77.0,2025,11,2025-11-01,-0.5000000000000004,0.8660254037844384,333230.0,1398.0,1313.0,5.0,1.9072700296735905,0.0,19.180753138075314,481.0,1,Low,0.9990343
77.0,2025,12,2025-12-01,-2.4492935982947064e-16,1.0,333230.0,1398.0,1313.0,5.0,1.9072700296735905,0.0,19.180753138075314,481.0,1,Low,0.9991491
77.0,2026,1,2026-01-01,0.49999999999999994,0.8660254037844387,333230.0,1398.0,1313.0,5.0,1.9072700296735905,0.0,19.180753138075314,481.0,1,Low,0.9985201
77.0,2026,2,2026-02-01,0.8660254037844386,0.5000000000000001,333230.0,1398.0,1313.0,5.0,1.9072700296735905,0.0,19.180753138075314,481.0,1,Low,0.9980015
77.0,2026,3,2026-03-01,1.0,6.123233995736766e-17,333230.0,1398.0,1313.0,5.0,1.9072700296735905,0.0,19.180753138075314,481.0,1,Low,0.99745256
77.0,2026,4,2026-04-01,0.8660254037844387,-0.4999999999999998,333230.0,1398.0,1313.0,5.0,1.9072700296735905,0.0,19.180753138075314,481.0,1,Low,0.9961753
78.0,2025,4,2025-04-01,0.8660254037844387,-0.4999999999999998,2708481.0,10008.0,9139.0,26.0,1.591116917047681,0.0,19.180753138075314,2175.0,1,Low,0.76466435
78.0,2025,5,2025-05-01,0.49999999999999994,-0.8660254037844387,2708481.0,10008.0,9139.0,26.0,1.591116917047681,0.0,19.180753138075314,2175.0,1,Low,0.788193
78.0,2025,6,2025-06-01,1.2246467991473532e-16,-1.0,2708481.0,10008.0,9139.0,26.0,1.591116917047681,0.0,19.180753138075314,2175.0,1,Low,0.8390551
78.0,2025,7,2025-07-01,-0.4999999999999997,-0.8660254037844388,2708481.0,10008.0,9139.0,26.0,1.591116917047681,0.0,19.180753138075314,2175.0,1,Low,0.8647273
78.0,2025,8,2025-08-01,-0.8660254037844384,-0.5000000000000004,2708481.0,10008.0,9139.0,26.0,1.591116917047681,0.0,19.180753138075314,2175.0,1,Low,0.85976565
78.0,2025,9,2025-09-01,-1.0,-1.8369701987210297e-16,2708481.0,10008.0,9139.0,26.0,1.591116917047681,0.0,19.180753138075314,2175.0,1,Low,0.88405883
78.0,2025,10,2025-10-01,-0.8660254037844386,0.5000000000000001,2708481.0,10008.0,9139.0,26.0,1.591116917047681,0.0,19.180753138075314,2175.0,1,Low,0.9236849
78.0,2025,11,2025-11-01,-0.5000000000000004,0.8660254037844384,2708481.0,10008.0,9139.0,26.0,1.591116917047681,0.0,19.180753138075314,2175.0,1,Low,0.9272367
78.0,2025,12,2025-12-01,-2.4492935982947064e-16,1.0,2708481.0,10008.0,9139.0,26.0,1.591116917047681,0.0,19.180753138075314,2175.0,1,Low,0.9278233
78.0,2026,1,2026-01-01,0.49999999999999994,0.8660254037844387,2708481.0,10008.0,9139.0,26.0,1.591116917047681,0.0,19.180753138075314,2175.0,1,Low,0.8939093
78.0,2026,2,2026-02-01,0.8660254037844386,0.5000000000000001,2708481.0,10008.0,9139.0,26.0,1.591116917047681,0.0,19.180753138075314,2175.0,1,Low,0.8691958
78.0,2026,3,2026-03-01,1.0,6.123233995736766e-17,2708481.0,10008.0,9139.0,26.0,1.591116917047681,0.0,19.180753138075314,2175.0,1,Low,0.83630645
78.0,2026,4,2026-04-01,0.8660254037844387,-0.4999999999999998,2708481.0,10008.0,9139.0,26.0,1.591116917047681,0.0,19.180753138075314,2175.0,1,Low,0.76466435
